Time (s),W,X,Y,Z
0.014889717,0.9324884,-0.1785229,-0.02985807,0.307134
0.034743786,0.9324819,-0.1784893,-0.02977481,0.3071811
0.054596901,0.9325113,-0.1784432,-0.02975078,0.3071209
0.074450016,0.9325587,-0.1784412,-0.0297712,0.3069766
0.094304085,0.9325885,-0.1784761,-0.02984804,0.3068579
0.114160061,0.932621,-0.1784956,-0.02996484,0.3067366
0.134010792,0.9326513,-0.1784688,-0.03019032,0.3066376
0.153864384,0.9326239,-0.1785165,-0.03042116,0.3066707
0.173717499,0.9324921,-0.1787076,-0.03069953,0.3069321
0.193576336,0.9324129,-0.1787894,-0.03083125,0.3071117
0.213424682,0.932327,-0.1788931,-0.0308964,0.3073058
0.233277798,0.9322141,-0.1790194,-0.03088289,0.3075755
0.255613327,0.9321101,-0.179088,-0.03076615,0.3078627
0.275466442,0.9320267,-0.1791315,-0.03054304,0.3081117
0.295319557,0.9319865,-0.1790719,-0.03022494,0.3082993
0.315173626,0.9320002,-0.1789445,-0.02983736,0.30837
0.335026741,0.9320179,-0.1788125,-0.02936373,0.3084384
0.354879856,0.9320231,-0.1786291,-0.02876646,0.3085853
0.374733925,0.9320249,-0.1783924,-0.02808719,0.3087793
0.394587040,0.9320316,-0.1781526,-0.0273731,0.3089612
0.414440155,0.9320605,-0.1778814,-0.02666099,0.3090929
0.434294224,0.9321082,-0.1775955,-0.02596221,0.3091728
0.454147339,0.9322402,-0.1773216,-0.02532898,0.3089843
0.474000454,0.9324178,-0.1770586,-0.02474293,0.3086469
0.493854046,0.93258,-0.1767883,-0.02415876,0.3083577
0.513707638,0.9326556,-0.1765107,-0.02350408,0.3083389
0.533560753,0.9327641,-0.1762114,-0.02285098,0.3082306
0.553414345,0.9328535,-0.1759388,-0.02223838,0.3081606
0.573267937,0.932918,-0.1757626,-0.02155304,0.3081148
0.595603466,0.9330019,-0.1756147,-0.02078732,0.3079974
0.615456581,0.9330302,-0.1755869,-0.02050006,0.3079472
0.635309696,0.9329734,-0.1756325,-0.02048376,0.3080943
0.655163765,0.9329008,-0.1755888,-0.02061716,0.3083301
0.675016880,0.9328591,-0.1754594,-0.02073178,0.308522
0.694869995,0.9328113,-0.175383,-0.02069302,0.3087123
0.714724064,0.9327925,-0.1753123,-0.02048848,0.3088228
0.734577179,0.9328088,-0.1751923,-0.02023308,0.3088589
0.754430294,0.9327993,-0.1751111,-0.02000808,0.308948
0.774284363,0.9327442,-0.1751119,-0.01982112,0.3091259
0.794137478,0.9326724,-0.1751241,-0.01965626,0.309346
0.813990593,0.9325758,-0.1751193,-0.01947353,0.3096517
0.833844662,0.9324932,-0.1750859,-0.01932749,0.3099281
0.853697777,0.9324172,-0.1750654,-0.01921076,0.310176
0.873550892,0.9323794,-0.1750105,-0.01900845,0.3103325
0.893404961,0.9324037,-0.1749504,-0.01867663,0.3103136
0.913258076,0.9325507,-0.1747647,-0.01823757,0.3100024
0.935593605,0.9327931,-0.174463,-0.01765848,0.309476
0.955446720,0.9330608,-0.1740973,-0.01707481,0.3089079
0.975300312,0.9333661,-0.1737458,-0.01647623,0.3082148
0.995153904,0.9336613,-0.1734493,-0.01595574,0.3075145
1.015007019,0.9339522,-0.1731616,-0.0155384,0.3068137
1.034860611,0.9342332,-0.1729338,-0.01527876,0.3060987
1.054714203,0.9345238,-0.1727829,-0.01520387,0.3053001
1.074567318,0.9347603,-0.1727564,-0.01532097,0.3045842
1.094420910,0.9349518,-0.172833,-0.01561148,0.303937
1.114274502,0.9350935,-0.1729815,-0.01605332,0.3033933
1.134127617,0.9351885,-0.1731734,-0.01660582,0.3029611
1.153981685,0.9352446,-0.1734107,-0.01728393,0.3026139
1.173834801,0.9352411,-0.1736844,-0.01808996,0.3024207
1.193692684,0.9351632,-0.1739934,-0.0189834,0.3024295
1.213541984,0.9350368,-0.1743062,-0.01984508,0.3025845
1.233395099,0.9348568,-0.1746269,-0.02068698,0.3028991
1.255730152,0.9346095,-0.1749987,-0.02160091,0.3033837
1.275584698,0.9343596,-0.1753397,-0.02235001,0.3039019
1.295437336,0.9341001,-0.1756632,-0.0230337,0.3044614
1.315290451,0.9338284,-0.1759709,-0.02367051,0.3050677
1.335143566,0.9335584,-0.1762672,-0.02424497,0.305677
1.354997635,0.9333349,-0.1765007,-0.02471926,0.3061861
1.374850750,0.9331259,-0.1767152,-0.02512295,0.3066664
1.394703865,0.9329816,-0.1768944,-0.02550484,0.3069704
1.414557934,0.9328896,-0.1770439,-0.02586658,0.3071336
1.434411049,0.9328277,-0.1771729,-0.02618324,0.3072203
1.454264641,0.9328061,-0.1772915,-0.02640013,0.3071989
1.474118233,0.9328432,-0.1773587,-0.02650873,0.307038
1.493971348,0.9328817,-0.1774092,-0.02644715,0.3068972
1.513825416,0.9329378,-0.1774257,-0.02620735,0.3067376
1.533678532,0.9330465,-0.1773814,-0.02585969,0.3064622
1.553531647,0.9332094,-0.1772693,-0.02546723,0.3060634
1.573385715,0.9334036,-0.1770823,-0.02504808,0.3056138
1.593238830,0.9336307,-0.1768345,-0.02461472,0.3050987
1.615574360,0.9339102,-0.1765081,-0.02412807,0.3044704
1.635427475,0.9341561,-0.1762505,-0.02368556,0.3038994
1.655281067,0.9343778,-0.1760128,-0.02330999,0.3033839
1.675134659,0.9345743,-0.175822,-0.02302525,0.3029108
1.694987774,0.9347342,-0.1756969,-0.02290999,0.3024987
1.714841843,0.934827,-0.175667,-0.02299187,0.3022226
1.734694958,0.9348581,-0.1757242,-0.02324869,0.3020737
1.754548073,0.9348752,-0.175815,-0.02361349,0.3019395
1.774402142,0.934856,-0.1759433,-0.02406902,0.3018883
1.794255257,0.9347595,-0.1761167,-0.02455108,0.3020474
1.814108849,0.9346085,-0.1763348,-0.02505315,0.302346
1.833962440,0.9344408,-0.1765626,-0.02552564,0.3026915
1.853815556,0.9342645,-0.1767739,-0.02595398,0.3030756
1.873669624,0.9340585,-0.1770139,-0.02636576,0.3035344
1.893522739,0.9338827,-0.1772209,-0.02672506,0.3039235
1.913375854,0.9337398,-0.1773584,-0.02703591,0.3042543
1.933229923,0.9336044,-0.1774451,-0.02725462,0.3045999
1.955564976,0.9334285,-0.1774981,-0.0274257,0.3050922
1.975418091,0.9332904,-0.1775382,-0.0275098,0.3054834
1.995271206,0.9331901,-0.1775798,-0.02749967,0.3057666
2.015125275,0.9331281,-0.1775985,-0.02738643,0.3059552
2.034978390,0.9331029,-0.1775987,-0.02715996,0.3060515
2.054832458,0.9331212,-0.1775794,-0.02685188,0.3060343
2.074685573,0.933171,-0.1775016,-0.02652262,0.3059561
2.094538688,0.9332512,-0.1773933,-0.02622171,0.3058007
2.114392757,0.9333854,-0.1771991,-0.02591104,0.3055295
2.134245872,0.933541,-0.176974,-0.02559097,0.305212
2.154099941,0.9337174,-0.1767602,-0.02525873,0.3048234
2.173953056,0.9338926,-0.176582,-0.02493527,0.3044165
2.193810463,0.9340163,-0.1764469,-0.02462426,0.3041403
2.213660240,0.9341188,-0.1763319,-0.02435595,0.3039137
2.233513355,0.9341857,-0.1762699,-0.02408284,0.3037658
2.253366470,0.934242,-0.176192,-0.02380731,0.3036599
2.273220539,0.9343015,-0.1760985,-0.02354762,0.3035509
2.295555591,0.9343701,-0.1760021,-0.02328834,0.303416
2.315408707,0.9344508,-0.1758533,-0.0230792,0.3032693
2.335262298,0.9345503,-0.1757096,-0.02290829,0.3030591
2.355115890,0.9346702,-0.1755674,-0.02282037,0.3027782
2.374969005,0.9347575,-0.1755084,-0.02274373,0.3025482
2.394823074,0.934824,-0.1754917,-0.0226524,0.3023596
2.414676189,0.934854,-0.1755545,-0.02262953,0.3022318
2.434529781,0.9348294,-0.1756375,-0.02270007,0.302255
2.454385280,0.9347526,-0.1757388,-0.02281823,0.3024243
2.474236488,0.9346627,-0.1758113,-0.02297386,0.302648
2.494090557,0.9345556,-0.1758993,-0.02321517,0.3029094
2.513943672,0.9344381,-0.1759609,-0.02354764,0.3032103
2.533796787,0.9343152,-0.1760357,-0.02388567,0.3035187
2.553650856,0.9341798,-0.1761405,-0.02417166,0.3038518
2.573503971,0.9340392,-0.1762621,-0.02437501,0.3041972
2.593358040,0.9339217,-0.1763962,-0.02448376,0.3044716
2.613211155,0.9337916,-0.1765333,-0.0245563,0.3047849
2.635546207,0.9336712,-0.1766647,-0.0246371,0.3050713
2.655399799,0.9335801,-0.1767741,-0.02465939,0.3052846
2.675253391,0.9335063,-0.1768149,-0.02461175,0.3054903
2.695106506,0.9333772,-0.1768424,-0.0244739,0.3058798
2.714960098,0.9332672,-0.1768256,-0.0242405,0.3062432
2.734813690,0.9331763,-0.1767313,-0.02384332,0.3066055
2.754667282,0.9331152,-0.176587,-0.02333876,0.3069138
2.774520874,0.9330779,-0.1764149,-0.0227825,0.3071678
2.794373989,0.9330919,-0.1762319,-0.0222301,0.3072708
2.814227581,0.9331074,-0.1760509,-0.02168592,0.3073661
2.834081173,0.9331249,-0.1758348,-0.02112737,0.3074758
2.853934288,0.9331363,-0.1756145,-0.02060632,0.3076026
2.873788357,0.9331532,-0.1754191,-0.02013579,0.307694
2.893641472,0.9331893,-0.1752525,-0.01975621,0.3077037
2.913496017,0.933202,-0.1751333,-0.01945523,0.3077526
2.933348656,0.9331582,-0.1750414,-0.01920799,0.3079531
2.953201771,0.933093,-0.174941,-0.01898372,0.3082213
2.975537300,0.9330134,-0.1748759,-0.01880735,0.3085097
2.995390892,0.9329459,-0.1748587,-0.01871429,0.3087293
3.015244484,0.9328526,-0.174898,-0.01865952,0.3089921
3.035097599,0.9328024,-0.1749334,-0.01858211,0.3091283
3.054951191,0.9327713,-0.1749626,-0.01844291,0.3092141
3.074804783,0.9327943,-0.1749022,-0.01823718,0.3091914
3.094658375,0.9328475,-0.174835,-0.01794133,0.3090858
3.114511490,0.9329242,-0.1747169,-0.01754004,0.3089442
3.134365558,0.932985,-0.1745505,-0.01702364,0.3088836
3.154218674,0.9330704,-0.1743025,-0.01640891,0.3087989
3.174071789,0.9331738,-0.1740341,-0.01569089,0.3086748
3.193925857,0.9332932,-0.1737095,-0.01493637,0.3085343
3.213778972,0.9334261,-0.17339,-0.01423431,0.3083448
3.233633041,0.933567,-0.1731116,-0.01364305,0.3081018
3.253486156,0.9337022,-0.1728714,-0.01315833,0.3078474
3.273339271,0.9338179,-0.1726778,-0.01280503,0.3076204
3.295674801,0.9339244,-0.1725153,-0.01253799,0.3073988
3.315528393,0.9339786,-0.1724491,-0.01252921,0.3072719
3.335381985,0.9339925,-0.1724361,-0.01268668,0.3072303
3.355235576,0.9339569,-0.1725148,-0.01295315,0.3072832
3.375088692,0.933894,-0.1726278,-0.01330053,0.3073962
3.394942283,0.9337996,-0.1727932,-0.01369588,0.3075726
3.414795875,0.933707,-0.1729581,-0.014079,0.3077436
3.434648990,0.9336718,-0.1731259,-0.01447839,0.3077375
3.454503059,0.9336436,-0.1732911,-0.01488015,0.307711
3.474356174,0.9335927,-0.173469,-0.01520966,0.3077491
3.494210243,0.9335583,-0.1735889,-0.01547616,0.3077724
3.514063358,0.93354,-0.1736773,-0.01569848,0.3077669
3.533916473,0.9335127,-0.1737537,-0.01581698,0.3078009
3.553770542,0.9335318,-0.1737494,-0.01587681,0.307742
3.573623657,0.9335715,-0.173742,-0.01593322,0.3076227
3.593477726,0.9336089,-0.1737521,-0.01606096,0.3074969
3.613330841,0.933629,-0.1737834,-0.0162027,0.3074107
3.635665893,0.9336545,-0.1738329,-0.01634403,0.3072976
3.655519962,0.9336767,-0.1738827,-0.01646952,0.3071958
3.675373077,0.9336925,-0.1739607,-0.01660341,0.3070959
3.695226192,0.9337059,-0.1740424,-0.01678862,0.3069992
3.715080261,0.9337013,-0.1741281,-0.01699186,0.3069533
3.734933376,0.9336998,-0.1742038,-0.01719793,0.3069033
3.754787445,0.9336727,-0.1742999,-0.01742455,0.3069182
3.774640560,0.9336401,-0.1744009,-0.01766069,0.3069468
3.794493675,0.9336141,-0.1744691,-0.0178665,0.3069752
3.814347744,0.9335731,-0.1745498,-0.01803466,0.3070441
3.834200859,0.9334723,-0.174627,-0.01809059,0.3073029
3.854054928,0.9333913,-0.1746687,-0.01806135,0.3075271
3.873908043,0.933329,-0.1746951,-0.01800327,0.3077047
3.893762112,0.9332697,-0.174706,-0.01795201,0.3078813
3.913615227,0.9332111,-0.1746983,-0.01787314,0.3080677
3.933468819,0.9331701,-0.1746803,-0.01776078,0.3082089
3.953322411,0.9331332,-0.1746446,-0.01760206,0.3083494
3.975657463,0.9331058,-0.1745883,-0.0174062,0.3084759
3.995511532,0.9330866,-0.1745325,-0.01717956,0.3085783
4.015369415,0.9330826,-0.1744501,-0.01693737,0.3086502
4.035217762,0.9330929,-0.1743936,-0.01666271,0.3086657
4.055071831,0.9331095,-0.1743076,-0.01633655,0.3086815
4.074924946,0.9331264,-0.1741934,-0.01596941,0.308714
4.094779014,0.9331366,-0.1740689,-0.01560894,0.3087718
4.114632129,0.9331231,-0.1739539,-0.01522923,0.3088967
4.134485721,0.9330866,-0.173844,-0.01477505,0.3090908
4.154339313,0.9330623,-0.1736754,-0.01426463,0.3092827
4.174192428,0.9330935,-0.1734851,-0.01374373,0.3093191
4.194046020,0.933124,-0.1733168,-0.01315949,0.3093465
4.213899612,0.9331771,-0.1730949,-0.01248967,0.309339
4.233753204,0.9332297,-0.1728598,-0.0117899,0.3093386
4.253606796,0.9332978,-0.172588,-0.01102912,0.3093129
4.273460388,0.9332794,-0.1723261,-0.01019807,0.3095431
4.293313503,0.9332355,-0.1720499,-0.009343752,0.3098558
4.315649032,0.933231,-0.1716981,-0.008347891,0.310093
4.335502624,0.9332842,-0.1713614,-0.00743015,0.3101426
4.355356216,0.9333612,-0.1709902,-0.006512762,0.3101361
4.375209331,0.9334236,-0.170645,-0.0055787,0.3101566
4.395062923,0.933504,-0.1702879,-0.004657196,0.3101263
4.414921760,0.9335757,-0.1699318,-0.003738432,0.3101184
4.434770107,0.9336295,-0.169583,-0.002863998,0.3101563
4.454623222,0.9336906,-0.1692566,-0.002066185,0.3101574
4.474477291,0.9337636,-0.1689488,-0.001355112,0.3101092
4.494330406,0.9338285,-0.1686862,-0.0007771586,0.3100585
4.514184475,0.9338703,-0.168478,-0.000330538,0.3100468
4.534037590,0.9339013,-0.1683068,1.281699E-05,0.3100465
4.553891659,0.9339282,-0.1681733,0.0002261572,0.3100377
4.573744774,0.9339779,-0.1680825,0.000306902,0.3099376
4.593597889,0.9340199,-0.1680375,0.0002610201,0.3098352
4.613451958,0.9340497,-0.1680574,8.291451E-05,0.3097346
4.633305073,0.9340791,-0.1681181,-0.0002223321,0.309613
4.655640125,0.9341078,-0.1682156,-0.000696092,0.3094725
4.675494194,0.934081,-0.1683403,-0.001183514,0.3094844
4.695347309,0.9340577,-0.1684834,-0.00174443,0.3094741
4.715201378,0.9340544,-0.1686754,-0.002390259,0.3093752
4.735054493,0.9340639,-0.1689077,-0.003127117,0.3092135
4.754908562,0.9340733,-0.1691334,-0.003941983,0.3090518
4.774761677,0.9340901,-0.1694151,-0.004823276,0.3088342
4.794615269,0.9340923,-0.1697342,-0.005723614,0.308637
4.814468861,0.9340491,-0.170078,-0.006677226,0.3085594
4.834322453,0.933963,-0.1704356,-0.007667024,0.3085998
4.854176044,0.9338608,-0.1708159,-0.008653047,0.3086727
4.874029636,0.9337539,-0.1711745,-0.009621332,0.3087688
4.893882751,0.9336206,-0.1715687,-0.01056109,0.3089225
4.913736343,0.9334899,-0.1719729,-0.01145098,0.3090607
4.933589935,0.9333698,-0.1723711,-0.01224867,0.3091709
4.953446388,0.9332429,-0.1727249,-0.01290368,0.3093301
4.973297119,0.933115,-0.1730255,-0.01339127,0.3095268
4.995632172,0.9329863,-0.1732901,-0.01370097,0.3097533
5.015485764,0.9329225,-0.1734423,-0.01377341,0.3098568
5.035339355,0.9329029,-0.1735161,-0.01375135,0.3098758
5.055193901,0.9329273,-0.173474,-0.01361118,0.3098319
5.075046539,0.9330819,-0.1731903,-0.01326597,0.3095399
5.094899654,0.9334444,-0.172753,-0.01276719,0.3087111
5.114753723,0.9340227,-0.1722369,-0.01235227,0.3072639
5.134606838,0.9349274,-0.171614,-0.0127361,0.3048361
5.154460907,0.9360473,-0.1713151,-0.01457718,0.3014659
5.174314022,0.937346,-0.1715368,-0.01855839,0.2970536
5.214021206,0.9367449,-0.1763055,-0.03541432,0.2946168
5.233874798,0.9351782,-0.1803346,-0.04106273,0.2964164
5.253728390,0.9347302,-0.1820446,-0.04410067,0.2963479
5.273581981,0.9352999,-0.1821894,-0.0466519,0.2940618
5.293435573,0.9359445,-0.1824734,-0.05096486,0.2911042
5.313289165,0.9359727,-0.1840158,-0.05786933,0.288742
5.335624218,0.9351611,-0.1868004,-0.06776243,0.287429
5.355477810,0.9349549,-0.1880878,-0.07696342,0.2849326
5.375331402,0.9343634,-0.1904625,-0.08713954,0.2823532
5.395184994,0.9334203,-0.1934925,-0.09862543,0.279621
5.415038109,0.9323083,-0.1965448,-0.1118495,0.2762043
5.434891701,0.9308081,-0.2000409,-0.1264126,0.2724472
5.454745293,0.928607,-0.2043679,-0.1426325,0.2687123
5.474598884,0.9257575,-0.209184,-0.1605274,0.2647144
5.494452000,0.9222808,-0.2142341,-0.1798501,0.2603525
5.514306068,0.9181665,-0.2196141,-0.2007382,0.2550912
5.534159183,0.9129284,-0.2256786,-0.223641,0.2494861
5.554013252,0.906617,-0.2320768,-0.2481412,0.2433914
5.573866367,0.8992352,-0.2385476,-0.2742835,0.2363625
5.593720436,0.890413,-0.2453356,-0.3020969,0.2287799
5.613573551,0.880127,-0.2522824,-0.3314385,0.2202414
5.633427620,0.8678767,-0.2598929,-0.3625016,0.2108697
5.653280735,0.8538414,-0.2668463,-0.3954089,0.2000684
5.675615787,0.8352047,-0.2745973,-0.4348292,0.1859583
5.695469856,0.8152078,-0.281051,-0.472738,0.1720259
5.715326786,0.7904736,-0.2904077,-0.5124053,0.1577444
5.735177040,0.7604077,-0.3022484,-0.5532176,0.1449268
5.755030155,0.7308322,-0.3098811,-0.5913672,0.1295
5.774883747,0.6996562,-0.3141893,-0.6290622,0.1125808
5.794738293,0.6632829,-0.3198739,-0.6674486,0.0942151
5.814590931,0.6204376,-0.323201,-0.7083963,0.07348851
5.834444046,0.5706125,-0.330045,-0.748019,0.05066073
5.854298115,0.5174672,-0.3377262,-0.7835963,0.02780047
5.874151230,0.4631665,-0.3440082,-0.814701,0.004995423
5.894005299,0.4066401,-0.349181,-0.8420376,-0.01779454
5.913858414,0.3504332,-0.350532,-0.8656036,-0.04101062
5.933712482,0.2946464,-0.3496483,-0.8851091,-0.06433426
5.953565598,0.2367842,-0.3489098,-0.9006396,-0.08758464
5.973419666,0.1793515,-0.3485681,-0.911518,-0.1099806
5.993272781,0.1262299,-0.3483271,-0.9177377,-0.130841
6.015607834,0.07065315,-0.3469406,-0.9206966,-0.1535759
6.035461902,0.02345559,-0.3435153,-0.9210538,-0.1724372
6.055315017,-0.02375927,-0.3375584,-0.9197472,-0.1902171
6.075169086,-0.0708927,-0.3317833,-0.9154312,-0.2085842
6.095022201,-0.1162685,-0.3253235,-0.9089115,-0.2261722
6.114875793,-0.1590774,-0.3184731,-0.9003651,-0.2433922
6.134729862,-0.1994548,-0.3103125,-0.8907774,-0.2589731
6.154585838,-0.2380052,-0.3013577,-0.8798796,-0.2738185
6.174436569,-0.2751528,-0.2914323,-0.867995,-0.2873507
6.194290161,-0.3108464,-0.2820498,-0.8543286,-0.3009529
6.214148998,-0.3455488,-0.2709789,-0.8400619,-0.313193
6.233997345,-0.3783178,-0.2606989,-0.8244513,-0.3252988
6.253851414,-0.4101324,-0.2488144,-0.8086302,-0.3356004
6.273704529,-0.4413537,-0.2368201,-0.7914011,-0.3455936
6.293558121,-0.4719871,-0.2247518,-0.7726505,-0.3554626
6.313413620,-0.5037132,-0.2113059,-0.752466,-0.3633803
6.333265304,-0.536437,-0.1973139,-0.7296811,-0.370804
6.355600834,-0.5733287,-0.1805401,-0.700595,-0.3801232
6.375453949,-0.6047498,-0.164265,-0.6730444,-0.3885016
6.395307541,-0.6367291,-0.1470523,-0.6431445,-0.3948979
6.415161133,-0.6689777,-0.1281759,-0.6103199,-0.4002211
6.435014725,-0.7009977,-0.1077494,-0.5736905,-0.4055848
6.454868317,-0.7328367,-0.08581503,-0.5324081,-0.4107984
6.474721908,-0.7636877,-0.06269704,-0.4867868,-0.4153509
6.494575024,-0.7944176,-0.03665995,-0.4383196,-0.4148015
6.514429092,-0.8240052,-0.009201713,-0.3823396,-0.4139739
6.534282207,-0.8509551,0.01971709,-0.3205388,-0.4115446
6.554136276,-0.8728269,0.04998893,-0.2520462,-0.4108216
6.573989391,-0.888505,0.08101573,-0.1820476,-0.4092449
6.593845367,-0.8998781,0.1100701,-0.1163715,-0.4014833
6.613696575,-0.907966,0.1392551,-0.04816237,-0.3879608
6.633550644,-0.9085284,0.1709854,0.02855865,-0.3757019
6.653403759,-0.9016463,0.2036037,0.10281,-0.3628182
6.673257351,-0.8897527,0.2337139,0.1729128,-0.347054
6.695592880,-0.8704331,0.2649357,0.2489148,-0.3268397
6.715446472,-0.8466802,0.2928314,0.3158616,-0.3069874
6.735300064,-0.8172655,0.3193752,0.3803654,-0.2864019
6.755153656,-0.7833636,0.3441198,0.4421288,-0.2628164
6.775006771,-0.7441831,0.367797,0.5011945,-0.2373779
6.794860840,-0.6998184,0.3904797,0.5569712,-0.2102148
6.814713955,-0.6512063,0.4112914,0.6087147,-0.1812833
6.834568024,-0.5996374,0.4293492,0.6556787,-0.1510199
6.854421139,-0.5453164,0.4449888,0.6979401,-0.1188358
6.874275207,-0.4888882,0.4580472,0.7352329,-0.08509346
6.894128323,-0.430504,0.4684266,0.7676693,-0.05053915
6.913982391,-0.3697191,0.4763033,0.7955149,-0.01504254
6.933835506,-0.3073708,0.4816568,0.8183634,0.0209407
6.953689098,-0.2435916,0.4842283,0.8363507,0.05771493
6.973542690,-0.179793,0.4837914,0.8493573,0.0940205
6.993396282,-0.1161161,0.4794361,0.8581065,0.1301489
7.013252735,-0.0522562,0.4722577,0.8621243,0.1661655
7.035585403,0.01906839,0.4622036,0.86044,0.2056081
7.055439472,0.08138935,0.4487354,0.8552071,0.2392919
7.075292587,0.1424589,0.433808,0.845055,0.2720762
7.095145702,0.2025912,0.4152851,0.8313308,0.3033341
7.114999771,0.2617273,0.3943677,0.8135341,0.3328102
7.134852886,0.3187155,0.3726501,0.7911007,0.3610258
7.154706955,0.3748586,0.3464614,0.7661322,0.3861533
7.174560070,0.4278915,0.320062,0.7367563,0.4102277
7.194414139,0.4786818,0.2916603,0.704528,0.4313533
7.214267254,0.526941,0.2619937,0.6689709,0.4503306
7.234120846,0.5722342,0.2315151,0.6304361,0.4670404
7.253978729,0.6159292,0.198694,0.5890567,0.4804075
7.273828029,0.6550747,0.1667954,0.5436233,0.494123
7.293682098,0.6908342,0.1340902,0.49641,0.5049481
7.313535213,0.7232174,0.1006423,0.4487502,0.5119361
7.333389282,0.7519354,0.06732327,0.4002047,0.51626
7.353242397,0.7784591,0.03261926,0.3495111,0.5171139
7.375577450,0.8033324,-0.005917991,0.2900274,0.5168496
7.395431518,0.822153,-0.04045458,0.2357107,0.5133184
7.415284634,0.8370839,-0.07496791,0.1795973,0.507979
7.435138702,0.8470188,-0.1098289,0.1216351,0.5023236
7.454991817,0.8529266,-0.1449408,0.06193798,0.4942667
7.474845409,0.853427,-0.1799226,0.002397322,0.4857078
7.494699478,0.8511159,-0.2132506,-0.05609011,0.4728713
7.514552593,0.8442913,-0.2466377,-0.1144799,0.4581089
7.534406662,0.8327836,-0.2794569,-0.1722732,0.4419555
7.554259777,0.8174011,-0.3113568,-0.2291984,0.4230934
7.574113846,0.7986143,-0.3416115,-0.2838391,0.4019698
7.593966961,0.7761755,-0.3704691,-0.3376704,0.3780349
7.613821030,0.7490466,-0.3983879,-0.3901611,0.3530128
7.633674145,0.718278,-0.4247584,-0.4401631,0.326406
7.653527737,0.6855493,-0.4478259,-0.4882113,0.2962284
7.673381805,0.6482719,-0.4699735,-0.534038,0.2651401
7.693234920,0.607277,-0.4902683,-0.5776672,0.2319044
7.715570450,0.5570166,-0.5113097,-0.6226718,0.1928785
7.735424042,0.510532,-0.5264274,-0.6590441,0.1565874
7.755277157,0.4612701,-0.5395585,-0.6918312,0.1187579
7.775131226,0.410762,-0.5497293,-0.7205992,0.08022781
7.794984341,0.3587441,-0.5570076,-0.7456677,0.04064741
7.814838409,0.3052069,-0.5616845,-0.7668024,0.0009278412
7.834692478,0.2505222,-0.5628256,-0.7845724,-0.03923793
7.854545593,0.1950442,-0.5603859,-0.7988635,-0.07981157
7.874399185,0.1381456,-0.556289,-0.8085471,-0.1197394
7.894252777,0.08062594,-0.5491466,-0.8144596,-0.1588096
7.914106369,0.02317921,-0.5395268,-0.8162313,-0.1968944
7.933959484,-0.03390634,-0.5272331,-0.8140468,-0.2341598
7.953813553,-0.0911109,-0.5118679,-0.8081663,-0.2705266
7.973666668,-0.1472489,-0.4955567,-0.79728,-0.3061262
7.993520737,-0.2023562,-0.4744738,-0.7845352,-0.3392028
8.013374805,-0.255406,-0.4521968,-0.7676456,-0.3709901
8.033227920,-0.30707,-0.42757,-0.7475769,-0.4008095
8.055562973,-0.3640549,-0.3962995,-0.7215303,-0.4317781
8.075417042,-0.4114888,-0.3679185,-0.6946635,-0.4575841
8.095270157,-0.4580572,-0.3359454,-0.6662536,-0.4796437
8.115124225,-0.5027302,-0.3028606,-0.6349373,-0.499019
8.134977817,-0.5451058,-0.2688268,-0.5999093,-0.517038
8.154830932,-0.5853615,-0.2331547,-0.5623949,-0.5322875
8.174685001,-0.6219285,-0.1977363,-0.5222995,-0.5458352
8.194538116,-0.6578879,-0.159947,-0.4790848,-0.555613
8.214392185,-0.68859,-0.121803,-0.4332357,-0.5656342
8.234245300,-0.716427,-0.08439844,-0.3872268,-0.5712199
8.254099369,-0.7421128,-0.04576807,-0.339629,-0.5731087
8.273952961,-0.7639293,-0.007818528,-0.2904136,-0.5732698
8.313660145,-0.7962883,0.06947821,-0.1852865,-0.5686776
8.333513260,-0.8066719,0.1071395,-0.1320646,-0.5630168
8.353367328,-0.8142453,0.1443088,-0.07828148,-0.553786
8.373220444,-0.8181608,0.1805395,-0.02500331,-0.5422369
8.395556450,-0.8182092,0.2216653,0.03638607,-0.5260243
8.415409565,-0.812534,0.2576548,0.0918244,-0.5114666
8.435263634,-0.8029742,0.2930012,0.1467951,-0.4944304
8.455116749,-0.7900816,0.3270757,0.2004001,-0.4746155
8.474970817,-0.7731868,0.3599318,0.2525249,-0.4533101
8.494823933,-0.7526478,0.3917484,0.3044772,-0.4289236
8.514677524,-0.7287045,0.4219149,0.3541578,-0.4027123
8.534531593,-0.7012905,0.4507295,0.4021235,-0.3741106
8.554384708,-0.6707436,0.4776312,0.4481723,-0.3431332
8.574238777,-0.6366924,0.5029881,0.491349,-0.3111745
8.594091892,-0.6004045,0.5253385,0.532587,-0.2766087
8.613945961,-0.5610084,0.545979,0.5707272,-0.2409862
8.633799076,-0.5198619,0.5635276,0.6062606,-0.2031149
8.653653145,-0.4752888,0.5796665,0.6385295,-0.1643009
8.673506737,-0.4292303,0.5934348,0.6668875,-0.1244386
8.693362713,-0.3821177,0.6031771,0.6926344,-0.08395522
8.713213921,-0.3336412,0.6105691,0.7146263,-0.042727
8.735548973,-0.2772948,0.6151313,0.7357486,0.004745886
8.755403042,-0.2259829,0.616663,0.7503837,0.04701249
8.775256157,-0.1744757,0.6152642,0.7614439,0.08853703
8.795110226,-0.1223684,0.609876,0.7699924,0.1296777
8.814963341,-0.06966174,0.6028214,0.7741593,0.1704653
8.834817409,-0.01636942,0.5925121,0.775001,0.211335
8.854670525,0.03595084,0.5800897,0.7718851,0.2510466
8.874524593,0.08731858,0.5638384,0.7665874,0.2888475
8.894378185,0.1385008,0.5435388,0.7590219,0.3254171
8.914231300,0.1885601,0.5218151,0.7474672,0.3606581
8.934085369,0.2382795,0.4967497,0.7333012,0.3941568
8.953942776,0.2865742,0.4697333,0.7161653,0.4253947
8.973792553,0.3333878,0.4412036,0.6954578,0.4551461
8.993646145,0.3798478,0.408926,0.6732073,0.4815749
9.013499737,0.4240156,0.3766713,0.6464698,0.5069851
9.033353328,0.4672689,0.3418749,0.6177582,0.5289459
9.053206920,0.5083584,0.3059446,0.5861039,0.5487068
9.075542450,0.5520454,0.2640251,0.5476311,0.5676833
9.095395565,0.5885304,0.2254346,0.5103542,0.5822175
9.115249634,0.6211078,0.1873713,0.4701148,0.5955977
9.135102749,0.6521493,0.1476871,0.4289144,0.604607
9.154956817,0.6799617,0.1081136,0.3863593,0.6109971
9.174810886,0.7045262,0.06831424,0.3417272,0.6154884
9.194664001,0.7262402,0.02809151,0.2955626,0.6172975
9.214517593,0.7447026,-0.01110101,0.2490667,0.6163504
9.234371185,0.7608727,-0.05118052,0.200546,0.6122597
9.254224777,0.7733191,-0.09040298,0.150901,0.6063507
9.274078846,0.7805039,-0.1302747,0.09948929,0.6004761
9.293931961,0.7851769,-0.1691066,0.0489114,0.5908766
9.313786030,0.7861996,-0.2070549,-0.001427227,0.5793478
9.333639145,0.7857731,-0.2436842,-0.05207175,0.5631116
9.353493214,0.7803224,-0.2804807,-0.1031156,0.5462802
9.373346329,0.7701192,-0.317567,-0.1541436,0.5281428
9.393199921,0.7572171,-0.3524229,-0.2040063,0.5073749
9.415535450,0.7388433,-0.3901134,-0.2580782,0.4816069
9.435389042,0.7197613,-0.421824,-0.3063242,0.4547538
9.455243111,0.6965951,-0.4526686,-0.3522481,0.4270776
9.475096226,0.6711417,-0.4812333,-0.3963785,0.3968561
9.494950294,0.6430819,-0.5075793,-0.4388535,0.3644778
9.514803409,0.611781,-0.5326277,-0.4786053,0.331053
9.534657478,0.5779362,-0.5551471,-0.5173513,0.2945784
9.554511070,0.5420556,-0.5756198,-0.5523068,0.257725
9.574364185,0.503893,-0.5931346,-0.58556,0.2191579
9.594218254,0.4638113,-0.6078748,-0.6163486,0.1791906
9.614071369,0.420566,-0.6216457,-0.6434941,0.1386497
9.633925438,0.375777,-0.6322555,-0.6680828,0.09663119
9.653779507,0.3300292,-0.6403386,-0.6889614,0.0548343
9.673632622,0.2837716,-0.6445647,-0.7074513,0.01224204
9.693486214,0.236142,-0.6461055,-0.7228289,-0.03050495
9.713339806,0.187484,-0.6455212,-0.7344209,-0.07352236
9.733193397,0.1383471,-0.6403226,-0.744311,-0.1160849
9.755528927,0.0829202,-0.6334742,-0.7495992,-0.1629824
9.775382519,0.0335349,-0.6232324,-0.7519884,-0.2039555
9.795235634,-0.01536843,-0.6102048,-0.7513767,-0.2438737
9.815089703,-0.06379101,-0.5959415,-0.746375,-0.2834367
9.834943771,-0.1117829,-0.5769368,-0.7404162,-0.3210295
9.854796886,-0.1583347,-0.5562706,-0.731309,-0.3568019
9.874650478,-0.2050076,-0.5318614,-0.7204545,-0.3907276
9.894504547,-0.2510559,-0.5054618,-0.706378,-0.4232454
9.914357662,-0.2955823,-0.4783001,-0.6884148,-0.4545027
9.934211731,-0.3402194,-0.4473781,-0.6693528,-0.4823876
9.954064846,-0.3831851,-0.4154302,-0.6473365,-0.5081041
9.973918915,-0.4253593,-0.3813145,-0.6227749,-0.531458
9.993772507,-0.4658445,-0.345922,-0.594827,-0.5532947
10.013626099,-0.5034426,-0.3103324,-0.5642454,-0.573144
10.033479690,-0.5407816,-0.2722439,-0.5324858,-0.5886636
10.053332805,-0.5751917,-0.2338679,-0.4982169,-0.6023851
10.075668812,-0.611616,-0.1893329,-0.4567047,-0.6149205
10.095521927,-0.6410685,-0.1492866,-0.4175806,-0.6236975
10.115379333,-0.6661689,-0.1099237,-0.3762535,-0.6318201
10.135230064,-0.6903381,-0.06969582,-0.3349203,-0.6348478
10.155083179,-0.7116435,-0.0301303,-0.292374,-0.635453
10.174937248,-0.730346,0.01036299,-0.24696,-0.6341338
10.194790363,-0.744746,0.0503112,-0.2001181,-0.631983
10.214643955,-0.7562569,0.08957612,-0.1532679,-0.6270471
10.234498024,-0.7656335,0.1286505,-0.1056758,-0.6186393
10.254351139,-0.7715214,0.1671454,-0.05757914,-0.6083823
10.274205208,-0.7734217,0.2060258,-0.008423413,-0.5965976
10.294058800,-0.7711625,0.2438374,0.04092928,-0.5837843
10.313912392,-0.7675908,0.279653,0.08833341,-0.5669419
10.333765983,-0.7619393,0.31493,0.1361604,-0.5462191
10.353619099,-0.7505291,0.3504513,0.1839063,-0.5260191
10.373473167,-0.7355173,0.3851175,0.2313026,-0.5038109
10.393329143,-0.7179978,0.4177651,0.2765351,-0.4796948
10.415662289,-0.6962929,0.4516577,0.3258937,-0.4490013
10.435516357,-0.6736801,0.4803049,0.3692014,-0.4192615
10.455369472,-0.6471239,0.5084265,0.4101533,-0.3887609
10.475223541,-0.618414,0.534301,0.4496204,-0.3557463
10.495076656,-0.587772,0.5577424,0.48658,-0.3214263
10.514933586,-0.5548029,0.5790734,0.5215904,-0.2853745
10.534784317,-0.5198872,0.5975512,0.5550247,-0.2474366
10.554638863,-0.4820173,0.6150154,0.5850483,-0.2091918
10.574491501,-0.442485,0.6295192,0.6130523,-0.1694312
10.594345093,-0.4021022,0.6410802,0.6381972,-0.1290805
10.614198685,-0.3600174,0.6502624,0.6606448,-0.08787688
10.634052277,-0.3162813,0.6570724,0.680249,-0.04594287
10.653906345,-0.2716777,0.6619573,0.6961406,-0.004423954
10.673759460,-0.2265121,0.6626465,0.7105012,0.03751305
10.693613529,-0.1807791,0.6612608,0.7213966,0.07916672
10.713466644,-0.1344361,0.657119,0.7294765,0.1208854
10.733320713,-0.08757124,0.650422,0.7345833,0.1621641
10.753174305,-0.04129922,0.6406912,0.7370991,0.2027845
10.775509834,0.01130348,0.6255488,0.7374384,0.2477356
10.795363426,0.05686632,0.6106114,0.733812,0.2864738
10.815216541,0.1020538,0.5913259,0.7295877,0.3228745
10.835070610,0.1472224,0.5704968,0.7217439,0.3585696
10.854924679,0.1909632,0.5486624,0.7104701,0.39289
10.874777794,0.235551,0.5218806,0.6988997,0.4246447
10.894631386,0.2788769,0.4945403,0.6835973,0.4549503
10.914485455,0.3215534,0.4653361,0.6653917,0.4836807
10.934338570,0.3633951,0.4342013,0.6448363,0.5101243
10.954192638,0.4031764,0.4026674,0.6213912,0.5346103
10.974045753,0.4430684,0.3675581,0.5966974,0.5560315
10.993899822,0.4805575,0.3321754,0.5694628,0.5753813
11.013753414,0.5162013,0.2953424,0.5403019,0.5924612
11.033607006,0.5509276,0.2572831,0.5089694,0.6065161
11.053460598,0.582051,0.2196384,0.4746587,0.619921
11.073314667,0.6121573,0.1801866,0.4386754,0.6300694
11.093167782,0.6396044,0.1411947,0.4014891,0.6374984
11.115503788,0.6675852,0.09682812,0.3573204,0.6433536
11.135356903,0.6896057,0.05734897,0.3158862,0.646528
11.155210972,0.7084237,0.01835929,0.2734937,0.6477866
11.175064087,0.7250549,-0.02137623,0.2297361,0.6462872
11.194917679,0.7382704,-0.06048357,0.1856953,0.6429955
11.214771747,0.748656,-0.09953847,0.1405821,0.6375503
11.234624862,0.755917,-0.1379462,0.09500156,0.6302084
11.254482746,0.7601709,-0.1755245,0.04967609,0.6208792
11.274333000,0.7628723,-0.2127133,0.003547285,0.6077778
11.294186115,0.7613965,-0.2495019,-0.04239265,0.5940157
11.314039707,0.7567496,-0.2856735,-0.08870986,0.5783413
11.333893776,0.7491336,-0.320847,-0.1342716,0.5607625
11.353746891,0.7385792,-0.354908,-0.178837,0.5414664
11.373600960,0.7263728,-0.3877378,-0.2233041,0.5184638
11.393454552,0.7106491,-0.4197656,-0.266245,0.4944855
11.413308143,0.6919249,-0.4507878,-0.3087071,0.4683561
11.435643673,0.6689042,-0.4826482,-0.3545557,0.4365039
11.455497265,0.6465093,-0.508777,-0.393586,0.4060655
11.475350857,0.6213876,-0.5333489,-0.4324081,0.3729171
11.495204925,0.5925383,-0.5573637,-0.468424,0.3397802
11.515059948,0.5611603,-0.5794691,-0.5028799,0.3050472
11.534912109,0.5284083,-0.5988474,-0.5350657,0.2692555
11.554765701,0.4935135,-0.6163819,-0.5650899,0.2319885
11.574619293,0.4566683,-0.631336,-0.5934495,0.1931683
11.594472885,0.4175309,-0.6454238,-0.6180199,0.1541908
11.614326954,0.3777848,-0.6557378,-0.6410006,0.1141591
11.634180069,0.3375232,-0.6635793,-0.6609521,0.07423235
11.654034138,0.2963049,-0.6685694,-0.6787505,0.03381624
11.673887730,0.2539014,-0.6703351,-0.6948095,-0.007222495
11.693740845,0.2104076,-0.6718286,-0.7061929,-0.04789449
11.713594913,0.1665169,-0.6687729,-0.7167998,-0.08854624
11.733448982,0.1225739,-0.664072,-0.7239634,-0.1284076
11.753302097,0.07816549,-0.6571148,-0.728254,-0.1684158
11.773156166,0.03383743,-0.6458865,-0.7316156,-0.2074895
11.795491219,-0.0153861,-0.632571,-0.7303146,-0.2507692
11.815345287,-0.05948296,-0.6158542,-0.7286783,-0.2878206
11.835198879,-0.1025562,-0.5983564,-0.7234252,-0.3236286
11.855051994,-0.1454425,-0.5779208,-0.7163932,-0.3581374
11.874906063,-0.1880504,-0.5548046,-0.7075139,-0.3909995
11.894760132,-0.2294799,-0.5311997,-0.6951154,-0.4226205
11.914613247,-0.2717491,-0.5039006,-0.6816545,-0.4518974
11.934466839,-0.3126081,-0.475682,-0.6653857,-0.4794709
11.954320908,-0.3525963,-0.4458587,-0.6466579,-0.5053188
11.974174023,-0.3915479,-0.4142594,-0.6258811,-0.5291311
11.994028091,-0.4283482,-0.3825425,-0.6022213,-0.5514854
12.013882160,-0.4654825,-0.3479432,-0.5776343,-0.5702873
12.033735275,-0.5006087,-0.3127765,-0.5510029,-0.5870138
12.053588867,-0.5340545,-0.2767437,-0.5220305,-0.6019223
12.073442936,-0.5658841,-0.2399453,-0.490725,-0.6148317
12.093296051,-0.5946084,-0.2036413,-0.4568916,-0.6267766
12.113150120,-0.6226379,-0.1659871,-0.421859,-0.6351636
12.135485172,-0.6510456,-0.1241212,-0.3810418,-0.6420034
12.155343056,-0.6745358,-0.08618207,-0.3430588,-0.6453777
12.175192833,-0.6950547,-0.04810315,-0.3033461,-0.6474517
12.195046425,-0.7119774,-0.01055089,-0.2627243,-0.6485218
12.214900017,-0.7279422,0.02742138,-0.2213462,-0.645741
12.234754085,-0.7407932,0.06453238,-0.1796243,-0.6414233
12.254607200,-0.7513233,0.1015554,-0.1364552,-0.6349861
12.274461269,-0.758894,0.1381624,-0.0924736,-0.6269507
12.294314861,-0.762767,0.1744739,-0.04837666,-0.6180878
12.314168453,-0.7646472,0.2104727,-0.003575161,-0.6063256
12.334022045,-0.7635481,0.245114,0.04072465,-0.5931969
12.353876114,-0.7599291,0.2793866,0.0852406,-0.577765
12.373729229,-0.7534922,0.3130013,0.1293816,-0.5605065
12.393583298,-0.7431612,0.3463392,0.172693,-0.5427387
12.413436890,-0.7318415,0.3779645,0.2156962,-0.5212038
12.433290958,-0.7170718,0.4087395,0.257032,-0.4993017
12.455626011,-0.6983044,0.4417194,0.3029779,-0.471261
12.475480080,-0.679499,0.4691141,0.342639,-0.4443412
12.495333195,-0.6574652,0.4958919,0.380787,-0.4164848
12.515187263,-0.6339391,0.5202838,0.4184666,-0.3859264
12.535040855,-0.6076963,0.5434815,0.4537703,-0.3550394
12.554893970,-0.5794993,0.5645732,0.4882412,-0.3220027
12.574748039,-0.5489468,0.5843563,0.5202981,-0.2882752
12.594602108,-0.5164221,0.6024618,0.5500904,-0.2537245
12.614455223,-0.4821843,0.6181078,0.5785663,-0.2175539
12.634309292,-0.4460856,0.6325302,0.6038378,-0.1814408
12.654162884,-0.409142,0.6437404,0.6277916,-0.1438978
12.674015999,-0.3712415,0.6530144,0.6489105,-0.1062759
12.693870068,-0.3321953,0.6601932,0.6676698,-0.06808654
12.733577728,-0.2517309,0.6668042,0.6989608,0.009208447
12.753431797,-0.2106719,0.6655645,0.7120119,0.04803973
12.773284912,-0.1689137,0.6629168,0.7219062,0.08653583
12.793142319,-0.126931,0.6579593,0.7294284,0.1246592
12.815474510,-0.0789156,0.6487478,0.7359256,0.1671517
12.835328102,-0.03656878,0.6398818,0.7376606,0.204202
12.855181217,0.006017901,0.6269805,0.7386999,0.2404355
12.875034809,0.04837058,0.6128603,0.7365742,0.27595
12.894888878,0.09032096,0.5966228,0.7321904,0.3104967
12.914741993,0.1324323,0.5771458,0.7266073,0.3435607
12.934596062,0.1733585,0.5573977,0.7176136,0.3753835
12.954450130,0.215013,0.5334587,0.7083311,0.4050752
12.974303722,0.2559761,0.5084518,0.6962211,0.4334244
12.994156837,0.2962525,0.4819754,0.6816714,0.4603107
13.014014244,0.3357795,0.4539668,0.664515,0.4860182
13.033864975,0.373108,0.4262537,0.6440796,0.5107712
13.053718090,0.4102409,0.3959421,0.6233251,0.5320016
13.073571682,0.4460486,0.3645946,0.600777,0.5511857
13.093430519,0.4807618,0.332024,0.5760776,0.568674
13.113278866,0.5140656,0.2984491,0.5486554,0.5850381
13.135614872,0.5489665,0.2607493,0.5160303,0.600821
13.155467987,0.5794069,0.2257001,0.4855679,0.6117175
13.175322056,0.607418,0.1909149,0.4533632,0.6210347
13.195176124,0.6337695,0.1558024,0.4193976,0.6283271
13.215029716,0.658536,0.1198248,0.3833731,0.6337389
13.234882831,0.6787149,0.08473591,0.3444665,0.6404189
13.254736900,0.6972423,0.04886354,0.3051755,0.6441747
13.274590969,0.7139478,0.01354482,0.2671628,0.644474
13.294444084,0.7297099,-0.02187674,0.2291076,0.6412349
13.314300060,0.7437155,-0.05730091,0.1898762,0.6357503
13.334151745,0.7540023,-0.09260963,0.1491535,0.6303052
13.354005813,0.762552,-0.1275779,0.1064134,0.6225286
13.373858929,0.7670878,-0.162092,0.06363241,0.6147202
13.393712997,0.7703758,-0.1956189,0.02069726,0.6036999
13.413566589,0.7710258,-0.2289765,-0.0227471,0.5909307
13.433419704,0.7665869,-0.2622089,-0.06620144,0.5795135
13.453273773,0.7608511,-0.2948395,-0.1097932,0.5645779
13.473127842,0.7522122,-0.3267636,-0.1518126,0.548619
13.495462894,0.7409351,-0.3611381,-0.1983443,0.5271446
13.515316963,0.7282696,-0.3910552,-0.2387312,0.5062945
13.535170555,0.7134376,-0.4194699,-0.2777486,0.4842883
13.555027008,0.6970278,-0.4464053,-0.316947,0.4593982
13.574877739,0.6781353,-0.4720523,-0.3544868,0.4338959
13.594731808,0.6575866,-0.4959705,-0.3914998,0.4061385
13.614585400,0.6345567,-0.5186808,-0.427468,0.3771031
13.634438515,0.6083168,-0.5410093,-0.4613491,0.3479139
13.654292583,0.5807156,-0.5609227,-0.4946687,0.3163316
13.674146652,0.5511511,-0.5795527,-0.5252906,0.28469
13.693999767,0.5201915,-0.5957786,-0.555034,0.251025
13.713853836,0.4872762,-0.6105665,-0.5826082,0.2167156
13.733707428,0.4522861,-0.6246284,-0.6071603,0.1823751
13.753561497,0.416697,-0.6350651,-0.6309841,0.1467739
13.773414612,0.3799077,-0.6441265,-0.65201,0.1108229
13.793268681,0.3425071,-0.6508589,-0.6709495,0.07433636
13.815606594,0.2984407,-0.6559235,-0.6900814,0.03335886
13.835457802,0.2591804,-0.6590656,-0.7036157,-0.003239503
13.855311394,0.2194587,-0.6589926,-0.7159666,-0.03982562
13.875165462,0.1792724,-0.6579903,-0.7250985,-0.07596005
13.895018578,0.1387867,-0.6532162,-0.7335185,-0.1123606
13.914872646,0.09814248,-0.6468852,-0.7392943,-0.1482533
13.934726238,0.05729118,-0.6388059,-0.7426873,-0.1835428
13.954579830,0.01639881,-0.6278881,-0.7446781,-0.2181044
13.974433422,-0.02406757,-0.6161933,-0.7436645,-0.251629
13.994287491,-0.0654135,-0.5998497,-0.7427748,-0.2842789
14.014141083,-0.106055,-0.5830996,-0.7384872,-0.3162459
14.033994674,-0.1461959,-0.5648173,-0.7320003,-0.3470033
14.053848266,-0.18628,-0.543989,-0.7241318,-0.3763462
14.073702335,-0.2252815,-0.5227513,-0.7135457,-0.404301
14.093555927,-0.2643452,-0.4981619,-0.7026101,-0.4300264
14.113409519,-0.3030319,-0.4726833,-0.6888425,-0.4548249
14.133263111,-0.3413468,-0.4462881,-0.6724707,-0.4782467
14.155598640,-0.3837155,-0.4148225,-0.6515219,-0.5028234
14.175452232,-0.4193125,-0.3866024,-0.6307645,-0.5229524
14.195306301,-0.4549418,-0.356406,-0.6084352,-0.5407743
14.215159893,-0.4889122,-0.3259342,-0.5839978,-0.5570511
14.235013485,-0.5212193,-0.2948947,-0.5574879,-0.572016
14.254869461,-0.5525545,-0.262714,-0.5298161,-0.5844548
14.274721145,-0.5810498,-0.2309755,-0.5002467,-0.5961645
14.294575214,-0.6092482,-0.1977403,-0.4696286,-0.6048073
14.314428329,-0.6353955,-0.1647958,-0.4376892,-0.6116948
14.334281921,-0.6597349,-0.1316221,-0.4043591,-0.6168848
14.354137897,-0.6826259,-0.09810014,-0.3699239,-0.6198241
14.373989105,-0.7027772,-0.06486813,-0.3339471,-0.6220956
14.393843174,-0.7215549,-0.0309623,-0.2962399,-0.6223097
14.413696766,-0.7375506,0.00203731,-0.2574387,-0.6215848
14.433550835,-0.7517952,0.0349486,-0.2176899,-0.6187255
14.453403950,-0.7642006,0.06782903,-0.1772882,-0.6136716
14.473258018,-0.7724548,0.1003883,-0.1358072,-0.6094422
14.495594025,-0.7802892,0.1369037,-0.08854938,-0.6009932
14.515447140,-0.7839215,0.1683726,-0.04693406,-0.5929101
14.535300732,-0.7860835,0.1994679,-0.005107323,-0.5821398
14.555154800,-0.7857789,0.2300595,0.0364741,-0.5700186
14.575007915,-0.7825832,0.2600713,0.07756418,-0.5572592
14.594861984,-0.7781776,0.2893862,0.1189665,-0.5414514
14.614716053,-0.7702505,0.3182009,0.1595205,-0.5259687
14.634569645,-0.7606766,0.3459881,0.2001148,-0.5081779
14.654427051,-0.7495216,0.3726114,0.240082,-0.4882276
14.674276829,-0.7352632,0.3988275,0.2787646,-0.4682333
14.694130897,-0.7191794,0.4241081,0.3174373,-0.445841
14.713984489,-0.7006664,0.4484536,0.3540632,-0.4233469
14.733838558,-0.6806601,0.4711389,0.3904834,-0.3985978
14.753695965,-0.6588729,0.4923824,0.4257503,-0.3725727
14.773545742,-0.6349025,0.512753,0.4591845,-0.3460639
14.793404102,-0.6097206,0.5308877,0.4924483,-0.3170505
14.813253403,-0.5816017,0.5490879,0.5229966,-0.2886934
14.835588455,-0.5495356,0.5660546,0.5562733,-0.2545194
14.855442524,-0.5188885,0.5797721,0.5841033,-0.2237632
14.875295639,-0.4865035,0.5923379,0.6098598,-0.19274
14.895149708,-0.4526705,0.6029101,0.6344274,-0.1603691
14.915003300,-0.4175177,0.6128859,0.6558546,-0.1285772
14.934857368,-0.381956,0.6193671,0.6767738,-0.09538783
14.954710484,-0.3453412,0.6245633,0.6952536,-0.06253144
14.974564552,-0.3078986,0.6284829,0.7113069,-0.02962452
14.994418144,-0.2699705,0.6289814,0.726712,0.003927968
15.014272213,-0.231664,0.6290927,0.7388071,0.03695649
15.034125328,-0.1924047,0.6265585,0.74972,0.07037107
15.053979397,-0.1529144,0.6222056,0.7585881,0.1031949
15.073833465,-0.1129767,0.6167406,0.7649459,0.1354711
15.093687057,-0.07250864,0.6075312,0.7708594,0.1674866
15.113540172,-0.03228934,0.5994092,0.7724172,0.199161
15.133394241,0.008165173,0.5869843,0.774078,0.2298116
15.153248310,0.04865749,0.5742008,0.7726282,0.2599983
15.173101902,0.08851187,0.56015,0.7691156,0.2889398
15.195437431,0.1339499,0.5405538,0.7641352,0.3202874
15.215291023,0.1734283,0.5228758,0.7566903,0.347233
15.235145092,0.2132894,0.5017115,0.7489063,0.3722363
15.254998207,0.25236,0.4809852,0.7373087,0.3974557
15.274852276,0.2910165,0.4588233,0.7242538,0.4205646
15.294707298,0.3294848,0.434717,0.7096521,0.4421337
15.314559936,0.3666418,0.4100398,0.6930293,0.4623622
15.334413051,0.4036486,0.3838958,0.6743831,0.4811723
15.354267120,0.4396518,0.3567089,0.6544328,0.4978054
15.374120712,0.4742985,0.3296614,0.6318208,0.513609
15.393974781,0.5082668,0.3011403,0.607732,0.5275118
15.413828850,0.5402999,0.2730084,0.581623,0.5402635
15.433681965,0.5716365,0.2436291,0.5541419,0.5508454
15.453535557,0.6011214,0.2142043,0.5249327,0.5602165
15.473389625,0.6289524,0.1843989,0.4941172,0.5682355
15.493243694,0.6552717,0.1542008,0.4616104,0.5747908
15.515578747,0.6820887,0.1209263,0.4243363,0.5802569
15.535432815,0.7053875,0.09025391,0.390208,0.5819346
15.555286407,0.7260009,0.06001768,0.3545921,0.5832773
15.575139522,0.7442907,0.02993291,0.3174523,0.5839409
15.594993591,0.7608841,-5.092369E-06,0.2794096,0.5827634
15.614847660,0.7743237,-0.02928146,0.2404311,0.5817095
15.634701252,0.7872421,-0.05876635,0.2007338,0.577174
15.654554844,0.7974392,-0.08748353,0.1603181,0.5721564
15.674408436,0.8052499,-0.1161477,0.1192013,0.5661279
15.694262505,0.8111098,-0.1444566,0.07805194,0.5583624
15.714116096,0.8139228,-0.1722147,0.03726283,0.5505551
15.733970165,0.8162603,-0.1996599,-0.004084313,0.5389488
15.753823280,0.8153431,-0.2266273,-0.04536077,0.5276607
15.773677349,0.8119966,-0.2532654,-0.0866353,0.5154028
15.793530941,0.8063157,-0.2795604,-0.1275998,0.5020426
15.813385010,0.7986884,-0.3046721,-0.1675225,0.4876838
15.833238125,0.7893476,-0.3295461,-0.2076266,0.4710079
15.855574131,0.7762367,-0.3563418,-0.2512407,0.4516445
15.875428200,0.7626196,-0.3793802,-0.2898284,0.432561
15.895281315,0.7472994,-0.4012244,-0.327597,0.4121533
15.915135384,0.7294701,-0.4225252,-0.3641132,0.3916565
15.934988976,0.7105278,-0.4421495,-0.4006557,0.3684519
15.954843044,0.6889187,-0.4613526,-0.4355018,0.3457032
15.974696636,0.665777,-0.479107,-0.4698087,0.3210993
15.994550228,0.6405947,-0.4958787,-0.5026888,0.2960986
16.014403820,0.6131696,-0.5122281,-0.5335491,0.2712901
16.034257889,0.585005,-0.5257971,-0.5642169,0.2441172
16.054111480,0.5551637,-0.5385287,-0.5926734,0.2171311
16.073965072,0.5234288,-0.5503101,-0.6197088,0.1891285
16.093818664,0.4907249,-0.5604221,-0.6449303,0.1606509
16.113672733,0.4564725,-0.5702459,-0.6674743,0.1325064
16.133526802,0.4222169,-0.5759125,-0.6900278,0.1026979
16.153384685,0.3871072,-0.5811946,-0.7096596,0.07329082
16.173233509,0.3510945,-0.5841063,-0.7282338,0.04307437
16.195569515,0.3091057,-0.5864396,-0.746377,0.009544411
16.215422630,0.2709938,-0.5867074,-0.7606274,-0.02025167
16.235276699,0.2320635,-0.5841416,-0.7739734,-0.05017729
16.255130768,0.1923829,-0.5825996,-0.7834986,-0.07952386
16.274984360,0.1521596,-0.5774931,-0.7924762,-0.1093533
16.294838428,0.1116677,-0.57155,-0.7989296,-0.138564
16.314691543,0.07135209,-0.5645673,-0.8030227,-0.1671966
16.334545612,0.03084489,-0.5535719,-0.8069944,-0.1949214
16.354399204,-0.009620326,-0.5432307,-0.8075144,-0.2221618
16.374253273,-0.05027989,-0.5303738,-0.8067392,-0.2489479
16.394106865,-0.09049711,-0.5169542,-0.8034856,-0.2749673
16.413960457,-0.1301636,-0.5023313,-0.7983626,-0.2999424
16.433814049,-0.1698753,-0.4851606,-0.7922929,-0.3235137
16.453668117,-0.2089692,-0.4674096,-0.7841756,-0.3457691
16.473522186,-0.2484103,-0.4475978,-0.7745744,-0.3668931
16.493375778,-0.2870403,-0.4276771,-0.7624134,-0.3873676
16.513228893,-0.3249799,-0.4070792,-0.7482356,-0.4067501
16.535564899,-0.3672779,-0.3820662,-0.7304618,-0.4268319
16.575272083,-0.4395525,-0.3356763,-0.6935571,-0.4579532
16.595126152,-0.4746662,-0.311099,-0.672659,-0.4712397
16.614979744,-0.5084369,-0.2863967,-0.6496102,-0.483842
16.634833813,-0.5409551,-0.2610215,-0.62523,-0.4949248
16.654687405,-0.5720398,-0.2356279,-0.5995364,-0.504414
16.674540996,-0.6024588,-0.2093136,-0.5721925,-0.5123031
16.694394588,-0.6310267,-0.1832303,-0.5431884,-0.5194284
16.714248657,-0.6582752,-0.1568581,-0.51263,-0.5252689
16.734102726,-0.6840948,-0.1302421,-0.480604,-0.52981
16.753956318,-0.7074496,-0.1041606,-0.4475998,-0.5338048
16.773809433,-0.7301872,-0.07749436,-0.4132625,-0.535409
16.793663502,-0.7506916,-0.05129233,-0.3779662,-0.5362837
16.813517570,-0.769509,-0.02520107,-0.3416733,-0.5358244
16.833371162,-0.786661,0.0009358141,-0.3042521,-0.5340616
16.853225231,-0.8006689,0.02632746,-0.265995,-0.5330201
16.875560284,-0.815495,0.05531195,-0.2225726,-0.5282022
16.895414352,-0.8261385,0.08037546,-0.1835988,-0.5234063
16.915267944,-0.8348875,0.10543,-0.1435875,-0.5175496
16.935121536,-0.8418369,0.1300516,-0.1031453,-0.5102801
16.954975128,-0.8458251,0.1541631,-0.06283259,-0.503481
16.974829197,-0.8485175,0.1782154,-0.02198575,-0.49437
16.994683266,-0.8483434,0.2016494,0.01834304,-0.4857387
17.014536858,-0.8469722,0.2244336,0.05878038,-0.4748052
17.034390926,-0.8435413,0.2468703,0.0991003,-0.4629253
17.054244041,-0.8376086,0.268878,0.1386044,-0.4511462
17.074098110,-0.8309341,0.2900681,0.1787307,-0.4359953
17.093951702,-0.8210542,0.3111775,0.2177364,-0.4222052
17.113805771,-0.8103562,0.3311057,0.2562353,-0.4057868
17.133659363,-0.7977751,0.3504678,0.2941464,-0.3883718
17.153512955,-0.7823878,0.3695583,0.3313428,-0.3716658
17.173366546,-0.7659363,0.3872526,0.368604,-0.352329
17.193220615,-0.7473207,0.404494,0.4040381,-0.3335826
17.215556621,-0.7247859,0.4223934,0.4433722,-0.3103511
17.235409736,-0.7030637,0.4369807,0.4773915,-0.2889191
17.255263328,-0.6788924,0.4516479,0.5098607,-0.2679345
17.275117397,-0.6532758,0.4646847,0.5419199,-0.2454572
17.294971466,-0.6258219,0.477594,0.5716658,-0.223778
17.314825058,-0.597323,0.4881608,0.6012226,-0.2001581
17.334678650,-0.5675939,0.4975749,0.6291558,-0.1762014
17.354532242,-0.5358009,0.507152,0.6550303,-0.1525683
17.374386310,-0.5033094,0.5138882,0.6804686,-0.127234
17.394239902,-0.4690893,0.5219454,0.7025216,-0.1030491
17.414093971,-0.4348892,0.5260987,0.7243736,-0.07747243
17.433947086,-0.3998357,0.528635,0.7447298,-0.0517837
17.453801155,-0.3634843,0.53168,0.762311,-0.02655324
17.473654747,-0.3263954,0.5319293,0.779195,-0.000419719
17.493508816,-0.2887814,0.532383,0.7932063,0.02500479
17.513365269,-0.2502588,0.5301394,0.8064494,0.05088974
17.533216476,-0.2111033,0.5277066,0.817166,0.07634449
17.555552006,-0.1667434,0.5234312,0.8270037,0.1044458
17.575405598,-0.1264466,0.5168475,0.8347285,0.1293671
17.595259666,-0.08612289,0.5130517,0.8380226,0.1539694
17.615115642,-0.0454457,0.5039061,0.8419613,0.1781632
17.634966850,-0.005209665,0.4951865,0.8429849,0.2019091
17.654820442,0.03472541,0.4850427,0.8423873,0.2248092
17.674674511,0.07495469,0.4726558,0.840573,0.2470684
17.694528580,0.1145413,0.4606044,0.8361469,0.2687188
17.714382172,0.1541858,0.4463646,0.8304534,0.2897591
17.734235287,0.1933447,0.4315738,0.8227881,0.3098537
17.754089355,0.2319901,0.4156622,0.8135359,0.3289264
17.773943424,0.2709186,0.3978252,0.8028816,0.3469109
17.793797016,0.3089618,0.3799106,0.7901786,0.3639452
17.813651085,0.3469929,0.3603842,0.7760874,0.3795197
17.833505154,0.3842344,0.3405932,0.7599788,0.3942335
17.853363037,0.4200892,0.3210546,0.7417781,0.408463
17.873211861,0.4555994,0.2998372,0.7223932,0.4210731
17.895547867,0.4938177,0.2765278,0.6981435,0.4346261
17.915403843,0.5269988,0.2547248,0.6754141,0.444782
17.935255051,0.5588344,0.2328891,0.6510291,0.4541537
17.955113411,0.5896744,0.2107325,0.6249981,0.4624726
17.974962711,0.6192511,0.1880631,0.5975396,0.469824
17.994816780,0.6473964,0.1654707,0.5687767,0.4760442
18.014670372,0.67466,0.1420205,0.5385484,0.4808922
18.034524441,0.7001955,0.119019,0.5068598,0.4850582
18.054377556,0.7241793,0.09607821,0.4741066,0.4880409
18.074231624,0.7468334,0.07284306,0.4402394,0.4896435
18.094085693,0.767067,0.05039036,0.4053826,0.4912855
18.113939285,0.7864292,0.02717743,0.3696504,0.4906898
18.133793354,0.803527,0.004666565,0.3332109,0.4898169
18.153646946,0.8190806,-0.01791099,0.2959747,0.4876606
18.173500538,0.8327827,-0.04039405,0.2582105,0.4845576
18.193354130,0.8443701,-0.06225428,0.2198245,0.4811114
18.213208198,0.8549431,-0.08425143,0.180842,0.475287
18.235544205,0.8639971,-0.1083885,0.1364376,0.4687996
18.255397320,0.8697885,-0.1299391,0.09622849,0.4625487
18.275255680,0.8737433,-0.1508328,0.05615696,0.4552977
18.295104980,0.8755144,-0.1713408,0.01613403,0.4477544
18.314959049,0.8767933,-0.1912601,-0.02426935,0.4366826
18.334812641,0.874804,-0.211164,-0.06445518,0.4273181
18.354666710,0.8713139,-0.2308314,-0.1046689,0.416174
18.374519825,0.8659613,-0.2497913,-0.1444722,0.4043149
18.394373894,0.8584299,-0.2684151,-0.1835918,0.3923939
18.414227486,0.8491812,-0.286613,-0.2228945,0.3790648
18.434081554,0.837548,-0.3044668,-0.2608461,0.3666064
18.453935623,0.8256609,-0.3205439,-0.299064,0.3503197
18.473789215,0.8110376,-0.3369064,-0.3365329,0.3347917
18.493642330,0.7944151,-0.3529629,-0.3727056,0.3194371
18.513496399,0.7762145,-0.368272,-0.4085399,0.3026372
18.533350468,0.756101,-0.3832468,-0.4425879,0.2866649
18.553208351,0.7355616,-0.3959022,-0.4765921,0.2677649
18.575539589,0.7103984,-0.4089653,-0.5139858,0.246024
18.595393181,0.685599,-0.420638,-0.5460265,0.2269372
18.615247250,0.6592904,-0.4314093,-0.577055,0.2070203
18.635100841,0.6311347,-0.4426573,-0.6057516,0.1881918
18.654954910,0.6028455,-0.450388,-0.6344755,0.1667219
18.674808979,0.5726466,-0.4586444,-0.6610557,0.1461307
18.694662571,0.5413901,-0.4660611,-0.6860312,0.1251905
18.714516163,0.5095288,-0.4703612,-0.7108016,0.1026134
18.734369755,0.475948,-0.4769431,-0.7321166,0.08143575
18.754228592,0.4421019,-0.4794394,-0.7535952,0.05835894
18.774077415,0.4075053,-0.4814249,-0.7729942,0.03573612
18.793931484,0.371832,-0.4828133,-0.7906205,0.01338427
18.813788891,0.3354058,-0.4816172,-0.8075171,-0.0095792
18.833639145,0.2981594,-0.4809108,-0.821851,-0.03184706
18.853492737,0.2599589,-0.4783002,-0.8350564,-0.05439463
18.873346329,0.2211113,-0.4760713,-0.8457298,-0.07638298
18.893200397,0.1820299,-0.4726528,-0.8546773,-0.09807609
18.915535927,0.1374733,-0.4661795,-0.8633595,-0.1225383
18.935389519,0.09786938,-0.4620239,-0.8677441,-0.143538
18.955243111,0.05775265,-0.4532179,-0.8722649,-0.1644377
18.975097179,0.01779718,-0.4446365,-0.8743425,-0.184755
18.994951248,-0.022157,-0.4349186,-0.8747203,-0.204565
19.014804840,-0.06206277,-0.4230178,-0.8739414,-0.2237368
19.034658909,-0.1015332,-0.4119453,-0.870541,-0.2424415
19.054517269,-0.1414402,-0.3984807,-0.8661069,-0.2601811
19.074366092,-0.1806281,-0.385533,-0.8593011,-0.2774291
19.094219684,-0.2194515,-0.3714328,-0.8510593,-0.2936056
19.114073753,-0.2582448,-0.3562253,-0.8411548,-0.3090295
19.133927345,-0.2963063,-0.3415962,-0.8288801,-0.3241913
19.153782368,-0.3348202,-0.3241799,-0.8156887,-0.3377612
19.173635483,-0.3726664,-0.3066874,-0.8004984,-0.3505604
19.193489075,-0.4096296,-0.288903,-0.783614,-0.3623746
19.213343143,-0.4458252,-0.2704818,-0.7651614,-0.3731421
19.233196258,-0.4811743,-0.2517914,-0.7451215,-0.382745
19.255532265,-0.5201773,-0.2297885,-0.7207327,-0.3921542
19.275386333,-0.5530382,-0.2106539,-0.6972625,-0.4002825
19.295239925,-0.5847751,-0.1916204,-0.671751,-0.4082867
19.315095901,-0.6148505,-0.1730617,-0.6448281,-0.4157314
19.334947109,-0.643411,-0.1538633,-0.6176296,-0.4213189
19.354801178,-0.671543,-0.1337295,-0.5891836,-0.4250138
19.374654770,-0.6984361,-0.1140019,-0.5586607,-0.4286214
19.394508839,-0.723973,-0.094018,-0.5266493,-0.4316153
19.414362430,-0.7474706,-0.07455438,-0.4935081,-0.434519
19.434216499,-0.7690038,-0.05578147,-0.4598585,-0.4366684
19.454070568,-0.7900313,-0.03615773,-0.4254713,-0.436056
19.473923683,-0.8098403,-0.01645491,-0.3901993,-0.4338895
19.493777752,-0.8272618,0.002976837,-0.3541465,-0.4322463
19.513631344,-0.8428632,0.022331,-0.3178676,-0.4297333
19.533485412,-0.8566082,0.04123086,-0.281111,-0.4267628
19.553339004,-0.8692453,0.06037179,-0.2436276,-0.4219491
19.573193073,-0.8795915,0.07894535,-0.2059199,-0.4175057
19.595528126,-0.8892739,0.09954523,-0.1627339,-0.4116161
19.615382194,-0.8961084,0.1172394,-0.1238011,-0.405642
19.635236263,-0.9010905,0.1344294,-0.08467466,-0.3992774
19.655089855,-0.9042818,0.1518363,-0.04514186,-0.3921862
19.674943924,-0.9054672,0.1685636,-0.005901663,-0.3851081
19.694798469,-0.9050505,0.1852975,0.03335934,-0.3769126
19.714651585,-0.9030312,0.2016029,0.07212163,-0.3678544
19.734504700,-0.8989117,0.2176469,0.1106348,-0.3591311
19.754358768,-0.8941125,0.2328684,0.1492068,-0.347419
19.774212837,-0.8870876,0.2478246,0.1871873,-0.3365218
19.794066429,-0.8782282,0.2627381,0.2252578,-0.3249161
19.813920498,-0.8677543,0.2770115,0.2624114,-0.3131052
19.833774090,-0.8562816,0.2903331,0.2984648,-0.3000581
19.853628159,-0.8436285,0.3026448,0.33488,-0.2849209
19.873482227,-0.8283368,0.3155485,0.3702598,-0.271703
19.893335342,-0.8118731,0.3271506,0.405595,-0.2568165
19.913188934,-0.7938566,0.338103,0.4400904,-0.241715
19.935524940,-0.7715441,0.350144,0.4776075,-0.2250279
19.955379009,-0.7504717,0.3594353,0.5106547,-0.2084655
19.975232601,-0.7273155,0.3695776,0.541801,-0.1936586
19.995086670,-0.7033275,0.377562,0.572875,-0.1766897
20.014941216,-0.6780576,0.385337,0.6022633,-0.1601869
20.034793854,-0.6517819,0.3918878,0.6306946,-0.143025
20.054647922,-0.6243944,0.396756,0.6586745,-0.124466
20.074501514,-0.5957207,0.4023315,0.6843906,-0.1071595
20.094355583,-0.5659824,0.4064843,0.7093468,-0.08882063
20.114209175,-0.5352374,0.4105352,0.732514,-0.07094155
20.134063244,-0.5036227,0.4136281,0.7543845,-0.05298848
20.153921604,-0.471198,0.4141431,0.7758423,-0.03397245
20.173770428,-0.4382388,0.4147639,0.7951723,-0.01569362
20.193624019,-0.4041903,0.4134015,0.813846,0.003400876
20.213481426,-0.3692832,0.413328,0.8300356,0.02141392
20.233332157,-0.3338084,0.4129049,0.8444946,0.03921483
20.253185749,-0.2980056,0.4096633,0.8583149,0.05737238
20.275521755,-0.2570133,0.406318,0.8715095,0.07712757
20.295374870,-0.2197943,0.400371,0.8826151,0.09492979
20.315233707,-0.1823446,0.3949623,0.8915156,0.1121734
20.335083008,-0.1445584,0.3883688,0.8990112,0.1291465
20.354936600,-0.1064496,0.3807221,0.9050505,0.1457065
20.374790668,-0.06857093,0.3742084,0.9086837,0.1618261
20.394644260,-0.03031051,0.3649055,0.9116253,0.1774606
20.414498329,0.007784903,0.3551284,0.9129642,0.192216
20.434352398,0.04611937,0.3452387,0.912419,0.2068874
20.454205990,0.08425144,0.33549,0.909911,0.2214442
20.474059105,0.1223011,0.3255558,0.9057707,0.2350805
20.493913174,0.160278,0.3129529,0.9009364,0.2476142
20.513767242,0.1977742,0.3009159,0.894102,0.2598929
20.533620834,0.2348243,0.2884214,0.8858215,0.2713271
20.553474903,0.2717748,0.2754757,0.8759283,0.2821858
20.573328972,0.3081769,0.2622576,0.8645852,0.292178
20.593182564,0.3445134,0.2477541,0.851884,0.3014126
20.615520954,0.384508,0.2329679,0.8348833,0.3122128
20.635371685,0.4192716,0.2175657,0.8193502,0.3196391
20.655225754,0.4532349,0.2021451,0.8024655,0.3261782
20.675079346,0.486257,0.1869524,0.7840298,0.3324571
20.694933414,0.5186843,0.1710182,0.7643556,0.3377978
20.714787483,0.5498982,0.1556685,0.7432522,0.3429036
20.734641075,0.5804808,0.1398663,0.7208142,0.3471802
20.754495144,0.610512,0.124191,0.696815,0.3506111
20.774348736,0.639533,0.1087558,0.6714284,0.3535269
20.794202805,0.6675735,0.09294883,0.6449658,0.3554615
20.814055920,0.6943542,0.07753986,0.617304,0.3569641
20.833909988,0.7201339,0.06189565,0.5885897,0.3574435
20.853764057,0.7448065,0.04629761,0.5588297,0.3570108
20.873617649,0.7681513,0.03080308,0.5280094,0.3561299
20.893471718,0.7902347,0.01540689,0.4960778,0.3547198
20.913325310,0.8105702,0.0005498097,0.4634472,0.3532984
20.933179378,0.8296502,-0.01429056,0.4300423,0.3509525
20.955514431,0.8492833,-0.03070009,0.391858,0.347635
20.975368500,0.8651868,-0.04496069,0.3571504,0.3442402
20.995222569,0.8799219,-0.05923921,0.3217075,0.3396467
21.015076160,0.8929196,-0.07310022,0.285687,0.3352033
21.034930229,0.9046603,-0.08687034,0.2488835,0.3297387
21.054783821,0.9147712,-0.1000912,0.2117867,0.3239586
21.074637890,0.9229121,-0.1130951,0.1753068,0.3183361
21.094491958,0.9297644,-0.1259322,0.1387108,0.3115546
21.114350319,0.9349818,-0.1382711,0.1017653,0.3048959
21.134199619,0.9387801,-0.1506426,0.06421437,0.2974942
21.154052734,0.9410647,-0.1625145,0.02634423,0.2896889
21.173906803,0.9417383,-0.1739751,-0.01179625,0.2816911
21.193760395,0.9410359,-0.1849973,-0.05035317,0.2726158
21.213614464,0.9382,-0.1958692,-0.0885891,0.2649443
21.233468532,0.934237,-0.2063311,-0.1268677,0.2552662
21.253324032,0.9285349,-0.2163634,-0.1648234,0.2459077
21.273176193,0.9214883,-0.2258445,-0.2021555,0.2358265
21.295512199,0.9121522,-0.2358752,-0.2437811,0.2225744
21.315365314,0.9015016,-0.2451989,-0.2798543,0.2132642
21.335218906,0.8897654,-0.2536321,-0.3158336,0.2021507
21.355072975,0.8764842,-0.2618178,-0.3508863,0.191659
21.374927044,0.8616186,-0.2696205,-0.3857649,0.1809173
21.394780636,0.8454128,-0.2768369,-0.420141,0.1695515
21.414636135,0.8274961,-0.2843605,-0.4533478,0.1596642
21.434488773,0.808961,-0.2893597,-0.4869094,0.1462866
21.454342365,0.7888722,-0.2947586,-0.5191162,0.1339546
21.474196434,0.7676499,-0.2997558,-0.550229,0.1213902
21.494050026,0.7450517,-0.303991,-0.5808858,0.108105
21.513907432,0.7210555,-0.3086974,-0.6101052,0.09583398
21.533758163,0.696013,-0.3118129,-0.6389284,0.0820763
21.553611278,0.6698735,-0.3149393,-0.666298,0.06897355
21.573464870,0.6426199,-0.3172024,-0.6927907,0.05559471
21.593318939,0.6144948,-0.3179098,-0.7185075,0.04128011
21.613173008,0.5849909,-0.3199123,-0.7424774,0.02822541
21.635508537,0.5504387,-0.3197794,-0.7689179,0.01228878
21.655362606,0.5186526,-0.31997,-0.7907241,-0.001210961
21.675216675,0.4861577,-0.3200919,-0.8109338,-0.01434417
21.695070267,0.4532561,-0.3179447,-0.8302464,-0.02808244
21.714924812,0.4197424,-0.3151961,-0.8481574,-0.04152444
21.734777450,0.3854669,-0.3110306,-0.865027,-0.05505425
21.754631519,0.3510758,-0.3081212,-0.8796605,-0.06806013
21.774485111,0.3159536,-0.3038585,-0.8932537,-0.08104731
21.794339180,0.2802987,-0.2988859,-0.9054852,-0.09393582
21.814195156,0.2443487,-0.2953412,-0.9156506,-0.1062017
21.834046841,0.2081115,-0.2890151,-0.9250749,-0.1184228
21.853900909,0.1718202,-0.2830508,-0.93277,-0.1301065
21.873754501,0.1350936,-0.2761943,-0.939203,-0.1413923
21.893608570,0.09793042,-0.2691319,-0.9441212,-0.152448
21.913462639,0.06062276,-0.2623759,-0.9473802,-0.1630398
21.933316231,0.0230374,-0.2533868,-0.9497088,-0.1730471
21.953170300,-0.01428364,-0.2447823,-0.9503346,-0.1826729
21.975505352,-0.05605954,-0.2339415,-0.9495,-0.1928887
21.995359421,-0.09269857,-0.2245088,-0.9471086,-0.2015331
22.015213013,-0.1292626,-0.2144405,-0.9434181,-0.2095146
22.035067081,-0.1658447,-0.2039616,-0.9382624,-0.2172241
22.054923534,-0.20197,-0.1934815,-0.9317029,-0.2243442
22.074774742,-0.238051,-0.1822155,-0.923866,-0.2307127
22.094628811,-0.2739139,-0.170679,-0.9146292,-0.2364758
22.114482879,-0.3090532,-0.1596618,-0.9038792,-0.2421244
22.134336471,-0.3438238,-0.1483049,-0.8918602,-0.2469895
22.154190540,-0.3778638,-0.1371614,-0.8785526,-0.2513536
22.174044132,-0.4115465,-0.1255196,-0.8639867,-0.2550074
22.193897724,-0.4447869,-0.1137075,-0.8480541,-0.2581998
22.213751316,-0.4773358,-0.1020046,-0.8308364,-0.260929
22.233605385,-0.509146,-0.09027667,-0.8124119,-0.2631252
22.253459453,-0.5399711,-0.07918891,-0.7927129,-0.2653189
22.273313045,-0.570208,-0.06791679,-0.7717621,-0.2669476
22.293167114,-0.6003226,-0.05669355,-0.7491083,-0.2680729
22.315502643,-0.6337709,-0.04397621,-0.7219272,-0.2680469
22.335356712,-0.66342,-0.03252876,-0.695931,-0.2666894
22.355210781,-0.6898366,-0.02171727,-0.6705345,-0.2658289
22.375064373,-0.7146349,-0.01041163,-0.6452289,-0.2636209
22.394917965,-0.7380626,0.0007821157,-0.6193157,-0.2614168
22.414771557,-0.7604864,0.01177098,-0.5922286,-0.2596435
22.434625625,-0.7815963,0.02287725,-0.5647797,-0.2573625
22.454479217,-0.8015046,0.03287874,-0.5363956,-0.2557668
22.474333286,-0.820826,0.04296825,-0.5071185,-0.252699
22.494187355,-0.8395295,0.05274979,-0.4764752,-0.2490115
22.514040947,-0.8571026,0.06223774,-0.4449191,-0.2453085
22.533895016,-0.8735968,0.07171054,-0.4126073,-0.2409752
22.553749084,-0.8890314,0.08080725,-0.3792741,-0.2363726
22.573602676,-0.9033479,0.08983222,-0.3454255,-0.2306545
22.593456745,-0.9162671,0.09871192,-0.3113231,-0.2245351
22.613310337,-0.9279127,0.1074767,-0.2770319,-0.2175033
22.633164406,-0.9378067,0.115961,-0.2427525,-0.2115899
22.655499458,-0.9473004,0.1249609,-0.2039859,-0.2049977
22.675353527,-0.9543752,0.1329442,-0.1695777,-0.1984059
22.695207596,-0.9601148,0.140487,-0.1348774,-0.1920381
22.715061188,-0.9647402,0.1477308,-0.09956603,-0.184841
22.734915256,-0.9680627,0.1546556,-0.06412314,-0.1773471
22.754768848,-0.9699864,0.1612065,-0.02883744,-0.1701023
22.774622917,-0.9706976,0.1674964,0.006587707,-0.1620972
22.794476986,-0.9701402,0.173261,0.04229136,-0.1537778
22.814330578,-0.9681706,0.1788117,0.07811166,-0.1455964
22.834184647,-0.9648776,0.1841013,0.1134559,-0.1373801
22.854038715,-0.960215,0.1890359,0.1486305,-0.1295726
22.873892307,-0.9542682,0.1937286,0.1838151,-0.1211654
22.893746376,-0.9469212,0.1984303,0.2181932,-0.1139518
22.913599968,-0.9385146,0.2024193,0.2522839,-0.1058175
22.933454037,-0.9289767,0.205687,0.2862759,-0.09679343
22.953308105,-0.9180858,0.2089406,0.3197478,-0.08860751
22.973161697,-0.9061771,0.211563,0.3527465,-0.07925705
22.995497227,-0.8912751,0.214887,0.3887649,-0.07029767
23.015350819,-0.8770279,0.216267,0.4207872,-0.06013713
23.035204887,-0.8615443,0.2179583,0.4519644,-0.05090633
23.055058479,-0.8448848,0.2196591,0.4824399,-0.04241497
23.074912548,-0.8273461,0.2200307,0.5125037,-0.03244198
23.094766617,-0.8087527,0.2200408,0.5418679,-0.02253714
23.114620209,-0.7891121,0.2198821,0.5704551,-0.01275249
23.134474277,-0.7681015,0.2193822,0.5987568,-0.003097306
23.154328346,-0.7460712,0.2188164,0.6261691,0.006086352
23.174181938,-0.7229923,0.2173132,0.6530229,0.0156806
23.194036007,-0.6986529,0.2155247,0.6792859,0.02512949
23.213894367,-0.6733271,0.2137148,0.7045676,0.03418712
23.233743667,-0.6472119,0.2108315,0.728982,0.04335639
23.253597736,-0.6204136,0.2075762,0.7522424,0.05251617
23.273451328,-0.5927705,0.2041237,0.774457,0.06164967
23.293305397,-0.5639986,0.1997335,0.7960097,0.07076918
23.313158989,-0.5346626,0.1956501,0.8162003,0.07938312
23.335494518,-0.5007046,0.19067,0.8376779,0.08867493
23.355348110,-0.4694011,0.1849249,0.8559763,0.09694023
23.375202179,-0.4380195,0.1794541,0.8726976,0.1046983
23.395056248,-0.4062623,0.1736007,0.8881796,0.112154
23.414909839,-0.3739473,0.1676777,0.9024805,0.1191814
23.434763908,-0.3411644,0.1613046,0.9156029,0.1260425
23.454620361,-0.3079927,0.1550358,0.9274465,0.1325707
23.474471569,-0.2744182,0.1490967,0.9380101,0.1386709
23.494325638,-0.2404487,0.1426212,0.9474154,0.1444834
23.514179230,-0.20589,0.1355794,0.9557012,0.1499683
23.534033298,-0.1712237,0.1282065,0.9627103,0.1551194
23.553887367,-0.1364363,0.1203364,0.9684945,0.1598443
23.573740959,-0.1016996,0.1126259,0.9729716,0.1640933
23.593595028,-0.06690734,0.1054216,0.9760935,0.1681631
23.613448620,-0.03196045,0.09787159,0.9780129,0.1718089
23.633302689,0.003232649,0.08990696,0.9787361,0.174956
23.653156757,0.03798251,0.08208108,0.978178,0.1778075
23.675491810,0.07707325,0.073327,0.9760577,0.1806152
23.695345879,0.111641,0.06543049,0.972882,0.1827115
23.715199470,0.1459957,0.05745802,0.9684945,0.1844718
23.735053539,0.1801241,0.04907611,0.9629607,0.1856914
23.754907608,0.213819,0.0408581,0.9562306,0.1867156
23.774761200,0.2472343,0.03279677,0.9483131,0.1874286
23.794615269,0.2804961,0.02429269,0.9392368,0.1875999
23.814468861,0.3131223,0.01590203,0.9290755,0.1874778
23.834322929,0.3454125,0.007606145,0.917734,0.1871479
23.854176998,0.3773832,-0.000454613,0.905228,0.1864719
23.874030590,0.408635,-0.007856531,0.891687,0.1856818
23.893884659,0.4394432,-0.01506042,0.8770702,0.1844949
23.913738728,0.4698388,-0.02218551,0.8613704,0.182833
23.933592319,0.4997861,-0.02938332,0.8445687,0.1807812
23.953446388,0.5291154,-0.03628213,0.826695,0.1786715
23.973299980,0.5577539,-0.04326183,0.8079063,0.1759378
23.993154049,0.5855395,-0.0500882,0.7882429,0.1730185
24.015490055,0.6158274,-0.05750709,0.7650331,0.1697101
24.035343170,0.6420701,-0.06407872,0.7433943,0.1662304
24.075050831,0.691991,-0.07605955,0.6976007,0.1591987
24.094904899,0.7156541,-0.08175307,0.6735318,0.1553648
24.114758491,0.7385921,-0.08744948,0.6485558,0.1511206
24.134612560,0.7607294,-0.09313593,0.6227326,0.1464524
24.154466629,0.7817997,-0.09851408,0.596293,0.1419386
24.174320221,0.8019307,-0.1036165,0.5691225,0.1374702
24.194174290,0.8211538,-0.1085441,0.5412043,0.1328541
24.214028358,0.8393958,-0.1133594,0.5126869,0.1278435
24.233881950,0.8565966,-0.118026,0.4836969,0.1223802
24.253736019,0.8726897,-0.1224888,0.4543107,0.1167836
24.273589611,0.8876554,-0.1267762,0.4246326,0.1109516
24.293443680,0.9015343,-0.1309546,0.3946073,0.104878
24.313297748,0.9143147,-0.1349625,0.3642335,0.09887136
24.333151340,0.9258161,-0.1387442,0.3340012,0.09319452
24.355487346,0.9375004,-0.1427348,0.2995668,0.08721884
24.375341415,0.9469202,-0.1459346,0.268429,0.08135721
24.395195007,0.9552957,-0.1488425,0.2369833,0.07564701
24.415049076,0.9626149,-0.1516261,0.2053414,0.06960402
24.434902668,0.968906,-0.1540395,0.1736267,0.06304167
24.454756737,0.9741656,-0.1562606,0.1416075,0.05620493
24.474610805,0.9783837,-0.1582669,0.1092725,0.04903071
24.494464397,0.9815444,-0.1599341,0.07680652,0.04147635
24.514318466,0.9835854,-0.1613565,0.04465319,0.03402149
24.534172535,0.9845607,-0.1625378,0.01274238,0.02620652
24.554026127,0.9844626,-0.1635776,-0.01913887,0.01835702
24.573880196,0.9832934,-0.1645444,-0.05054104,0.01150868
24.593733787,0.9811524,-0.1651243,-0.08172956,0.004661602
24.613587856,0.9780373,-0.1654651,-0.1126457,-0.001665886
24.633441925,0.9739375,-0.1655401,-0.143575,-0.007488865
24.653295517,0.968833,-0.1650544,-0.1747832,-0.01407118
24.673149586,0.9626971,-0.1640118,-0.2061331,-0.02124172
24.695484638,0.954636,-0.1626326,-0.240816,-0.02925449
24.715338707,0.9463475,-0.1611818,-0.2715465,-0.0365633
24.735192299,0.936969,-0.1586097,-0.3024669,-0.0455343
24.755046368,0.9267632,-0.1562811,-0.3324685,-0.05271088
24.774900436,0.9156694,-0.1538964,-0.3618391,-0.05971083
24.794754028,0.9036897,-0.1515036,-0.3906513,-0.06641251
24.814608097,0.8906853,-0.1488796,-0.419302,-0.07299236
24.834462166,0.8768111,-0.1459529,-0.447429,-0.07959188
24.854315758,0.8620095,-0.1425768,-0.4751722,-0.08631552
24.874169826,0.8463357,-0.1388719,-0.5023924,-0.09305818
24.894023418,0.8297352,-0.1349002,-0.5292053,-0.09955259
24.913880825,0.8124433,-0.1311307,-0.5552405,-0.1052432
24.933731556,0.7944147,-0.127242,-0.5806023,-0.1106495
24.953585148,0.7756415,-0.1226225,-0.6053149,-0.1164707
24.973439217,0.7559606,-0.117701,-0.6295431,-0.1223654
24.993292809,0.735579,-0.1126401,-0.6530412,-0.1280642
25.013146877,0.7141811,-0.1067504,-0.6762329,-0.1337399
25.035482883,0.6892322,-0.09983882,-0.7014306,-0.1400492
25.055336475,0.6665319,-0.09388621,-0.7229013,-0.1447821
25.075190544,0.6429764,-0.08761957,-0.7437598,-0.1495104
25.095044613,0.6189433,-0.08114278,-0.763732,-0.1538376
25.114898205,0.5942553,-0.07445757,-0.7829658,-0.1578258
25.134752273,0.5690848,-0.06770896,-0.801263,-0.1617507
25.154606342,0.5433617,-0.06137072,-0.8187922,-0.1649201
25.174459934,0.5171089,-0.05511777,-0.8354833,-0.1677964
25.194314003,0.490334,-0.0487004,-0.8513474,-0.1703995
25.214167595,0.4628666,-0.04215476,-0.8664805,-0.172675
25.234021663,0.4348384,-0.03464773,-0.8807769,-0.1748562
25.253875732,0.4068804,-0.02799041,-0.8939218,-0.1766245
25.273729324,0.3784123,-0.02097452,-0.9062237,-0.1781866
25.293583393,0.3494721,-0.01360902,-0.9176769,-0.1793895
25.313437462,0.3203697,-0.006383317,-0.928131,-0.1803405
25.333291054,0.2911443,0.001086652,-0.9375716,-0.1811652
25.353148460,0.2618244,0.007791054,-0.9460844,-0.1814916
25.375480652,0.2284745,0.01597874,-0.9545416,-0.1817197
25.395334720,0.1986985,0.02248605,-0.9610621,-0.1816605
25.415188789,0.1686119,0.02950017,-0.9666753,-0.1812901
25.435042381,0.1385022,0.03631855,-0.9713066,-0.1808014
25.454896450,0.1083303,0.04281004,-0.9750358,-0.1799016
25.474750519,0.07757522,0.05047853,-0.9778444,-0.1785552
25.494604111,0.04718714,0.05728492,-0.9796958,-0.1769619
25.514458179,0.0166898,0.06417087,-0.9805746,-0.1752271
25.534311771,-0.01383732,0.07171553,-0.9804906,-0.1730064
25.554165840,-0.0438896,0.07803932,-0.9795392,-0.170629
25.574019909,-0.07412666,0.08540782,-0.97758,-0.1678564
25.593873501,-0.1040758,0.09193536,-0.9747526,-0.1649271
25.613727569,-0.133829,0.0988986,-0.9709948,-0.1615726
25.633581638,-0.163303,0.1058918,-0.9663094,-0.1580914
25.653435230,-0.192244,0.1120461,-0.9608472,-0.1545584
25.673289299,-0.2208245,0.1182531,-0.9545261,-0.1508648
25.693142891,-0.2490426,0.124029,-0.9474134,-0.1470717
25.715478897,-0.280331,0.130175,-0.9384824,-0.1426442
25.735332966,-0.308001,0.1356949,-0.929635,-0.1383065
25.755186558,-0.3354082,0.1409889,-0.9199767,-0.1337685
25.775040626,-0.362475,0.1465363,-0.9095017,-0.1287373
25.794894695,-0.3892128,0.1513487,-0.8983076,-0.1236042
25.814748287,-0.4154361,0.1558823,-0.8863922,-0.118533
25.834602356,-0.4411752,0.1604391,-0.8737445,-0.1132336
25.854455948,-0.4665223,0.1647872,-0.8603562,-0.1077818
25.874310017,-0.4915339,0.1692994,-0.8461586,-0.1018598
25.894164085,-0.5159577,0.1732289,-0.8313849,-0.09594904
25.914017677,-0.5397778,0.1769371,-0.8160092,-0.08994399
25.933871746,-0.5632511,0.1804099,-0.7998738,-0.08384535
25.953725815,-0.5861967,0.1835399,-0.7831349,-0.07754985
25.973579407,-0.6086081,0.1866423,-0.7657244,-0.07109513
25.993433475,-0.6304842,0.1894974,-0.7476946,-0.06450586
26.013287067,-0.6518306,0.1924344,-0.7289683,-0.0576083
26.033141136,-0.6725284,0.1949901,-0.7097366,-0.05085272
26.055477142,-0.6950721,0.1972358,-0.6875375,-0.04350546
26.075330734,-0.7145209,0.1992367,-0.6671203,-0.03664408
26.095184803,-0.7331887,0.2006148,-0.646452,-0.03025506
26.115038872,-0.7513959,0.2019245,-0.6250655,-0.02348014
26.134892463,-0.7689584,0.2030289,-0.603186,-0.01662923
26.154746532,-0.7859384,0.2038932,-0.5807434,-0.009649136
26.174600124,-0.8022163,0.2046691,-0.5578356,-0.002609588
26.194454193,-0.8178573,0.2050463,-0.534485,0.004333456
26.214308262,-0.8328084,0.2053884,-0.5106239,0.01168685
26.234161854,-0.8470342,0.2054625,-0.4864118,0.01869455
26.254015922,-0.8605046,0.2052122,-0.461952,0.02544897
26.273869991,-0.8731911,0.204922,-0.4371429,0.03283433
26.293723583,-0.8851709,0.2044489,-0.4119367,0.04011165
26.313581467,-0.8963295,0.2038783,-0.3865281,0.04744285
26.333431244,-0.906764,0.2028686,-0.3609577,0.05441031
26.353285313,-0.9164595,0.201587,-0.3351579,0.06133138
26.373139381,-0.9253985,0.2001643,-0.3091056,0.06821424
26.395474911,-0.9346402,0.1980453,-0.2794579,0.07587306
26.415328979,-0.9420049,0.1961268,-0.252765,0.08305694
26.435183048,-0.948554,0.1939964,-0.2260746,0.09015772
26.455036640,-0.9542963,0.1917807,-0.1993842,0.09701762
26.474890709,-0.9592541,0.1894135,-0.1725636,0.1039401
26.494744301,-0.9634405,0.1868822,-0.1457247,0.1106776
26.514598369,-0.9668549,0.1841609,-0.1188637,0.1173687
26.534452438,-0.9696178,0.181038,-0.09184176,0.1235286
26.554306030,-0.9716769,0.1776734,-0.06476006,0.1292669
26.574160099,-0.9729345,0.1738936,-0.03741969,0.1355984
26.594014168,-0.9734267,0.169757,-0.009995015,0.1419537
26.613867760,-0.9730855,0.1655985,0.01726639,0.1483617
26.633721828,-0.9719375,0.1612242,0.04464582,0.1548501
26.653575420,-0.9699194,0.1566132,0.0720809,0.1617422
26.673429489,-0.9670807,0.1517507,0.09935006,0.1687716
26.693284035,-0.9636644,0.1467205,0.1262984,0.1746441
26.713138103,-0.9594546,0.1416637,0.1530317,0.1805193
26.735478401,-0.953972,0.1358482,0.1828562,0.186209
26.755327225,-0.9481671,0.1301887,0.2095391,0.1917057
26.775180817,-0.9414833,0.1241964,0.2361744,0.19757
26.795034885,-0.9342623,0.1183144,0.2623798,0.2023366
26.814888954,-0.926174,0.1120636,0.288393,0.2076067
26.834742546,-0.9173996,0.1058293,0.3142526,0.212252
26.854597092,-0.9077143,0.09919961,0.3400425,0.2172855
26.874451160,-0.8971421,0.09219243,0.3656455,0.222638
26.894304752,-0.886144,0.08538558,0.3904837,0.2271743
26.914158821,-0.874189,0.07818582,0.4152609,0.2320916
26.934012890,-0.8614653,0.07049335,0.4400521,0.2364109
26.953866482,-0.8480385,0.06246945,0.4642392,0.2409105
26.973720551,-0.8341752,0.05483425,0.4877332,0.2447221
26.993574142,-0.8198854,0.04739672,0.5107223,0.2476526
27.013428211,-0.8045183,0.03891611,0.5334942,0.2514907
27.033282280,-0.788543,0.030209,0.555802,0.2549491
27.053135872,-0.7722272,0.02181439,0.5772397,0.2580914
27.075471878,-0.7534738,0.01281187,0.6006081,0.2607884
27.095325947,-0.7360425,0.004593389,0.6211195,0.2627899
27.115179539,-0.7177739,-0.004355973,0.6412001,0.2650881
27.135033607,-0.699403,-0.01243321,0.6606871,0.2660849
27.154887676,-0.680256,-0.02096087,0.6797326,0.2672143
27.174741268,-0.6603927,-0.02992645,0.6983743,0.2681172
27.194595337,-0.6394657,-0.04005535,0.7167117,0.2691301
27.214448929,-0.6184276,-0.04992554,0.733937,0.2702201
27.234302997,-0.5974986,-0.05853739,0.750533,0.2699937
27.254157066,-0.576076,-0.06746025,0.7663948,0.2699113
27.274013519,-0.5543175,-0.07619746,0.7816051,0.2695313
27.293864727,-0.5322749,-0.0845999,0.7962344,0.2686351
27.313718319,-0.5097683,-0.09313099,0.8102419,0.2675793
27.333572388,-0.4869514,-0.1009056,0.8238648,0.2656518
27.353426456,-0.4633827,-0.1097265,0.8368526,0.2637081
27.373280048,-0.439171,-0.1191655,0.8491851,0.2616117
27.393134594,-0.4146321,-0.1289795,0.8607131,0.2593164
27.415470123,-0.3867822,-0.1403988,0.8725606,0.2568135
27.435323715,-0.3625629,-0.1488798,0.8823511,0.2539039
27.455177784,-0.3380075,-0.1575567,0.8914048,0.2509021
27.475031853,-0.313158,-0.1661873,0.8998316,0.2474764
27.494886398,-0.2884887,-0.1740542,0.9075863,0.2437092
27.514739990,-0.2637556,-0.1819303,0.9146004,0.2397248
27.534594059,-0.2387901,-0.1893389,0.9210636,0.2353713
27.554447651,-0.2131612,-0.1983176,0.9266186,0.2307338
27.574301720,-0.1877266,-0.2064979,0.9315255,0.2258434
27.594155788,-0.1625043,-0.2140364,0.9357803,0.2207343
27.614009380,-0.1369399,-0.2220892,0.9392367,0.2153741
27.633863449,-0.1114215,-0.2294271,0.9421569,0.2095625
27.653717518,-0.08604237,-0.2369884,0.944227,0.2037063
27.673571110,-0.06069083,-0.2437373,0.9457701,0.1976238
27.693425178,-0.03527975,-0.2502262,0.9466688,0.1912799
27.713278770,-0.009875896,-0.2570944,0.946753,0.1846382
27.733132839,0.01534684,-0.2629368,0.9463627,0.1779162
27.755468845,0.04388462,-0.2701591,0.9449093,0.169889
27.775322437,0.0691409,-0.2758907,0.9430398,0.1625037
27.795176506,0.09392327,-0.2810495,0.9405861,0.15529
27.815030575,0.11893,-0.286831,0.9372503,0.1475574
27.834884167,0.1438323,-0.29174,0.9334296,0.1397745
27.854738235,0.1683307,-0.2966732,0.9289223,0.1318363
27.874596596,0.1924899,-0.3007615,0.9239994,0.1238669
27.894445896,0.2167615,-0.3050496,0.9182755,0.115573
27.914299965,0.2409237,-0.3098008,0.911701,0.1068084
27.934154510,0.264589,-0.3135913,0.9047811,0.09824444
27.954008102,0.2879046,-0.3175238,0.8971629,0.08953081
27.973862171,0.3110225,-0.3214671,0.8888577,0.08051916
27.993716240,0.3337444,-0.32524,0.879978,0.07141497
28.013569832,0.3561494,-0.3290117,0.870445,0.06214603
28.033423900,0.3780314,-0.3316979,0.8607277,0.05333038
28.053280353,0.3999158,-0.3349483,0.8500509,0.04379515
28.073131561,0.4214004,-0.3368982,0.8392518,0.0347168
28.095467567,0.4451274,-0.3388017,0.8265028,0.02440552
28.115321159,0.4660354,-0.3399455,0.8146421,0.01529192
28.135175228,0.4868955,-0.3408274,0.8020992,0.005826847
28.155029297,0.5073857,-0.342141,0.7887393,-0.004140864
28.174882889,0.5272745,-0.342583,0.7752811,-0.01361011
28.194736957,0.5468429,-0.3433405,0.7610187,-0.02362658
28.214593887,0.5659491,-0.3437581,0.7463401,-0.03370484
28.234444618,0.5845639,-0.3435912,0.7314255,-0.04329719
28.254298687,0.6025646,-0.3435993,0.7160004,-0.05316423
28.274152279,0.6203258,-0.3425491,0.7004286,-0.06231602
28.294006824,0.6375934,-0.3416167,0.6842772,-0.07186813
28.313860893,0.6544062,-0.3403953,0.6677579,-0.08130465
28.333714962,0.670832,-0.3389824,0.6507137,-0.09096513
28.353568554,0.6867354,-0.3379514,0.632873,-0.1014044
28.373422623,0.7021177,-0.3361163,0.6151053,-0.1110396
28.393276214,0.7167693,-0.334301,0.5971057,-0.1207347
28.413130283,0.7309588,-0.3322234,0.5787477,-0.1304049
28.435466289,0.7463476,-0.3294104,0.5578746,-0.1409171
28.455319881,0.7593834,-0.3269221,0.5389265,-0.1504807
28.475173950,0.7720994,-0.3236531,0.5200112,-0.1591447
28.495028019,0.7842596,-0.3204007,0.5006217,-0.1681836
28.514881611,0.7960004,-0.3168209,0.4808881,-0.1771503
28.534735680,0.8071349,-0.3131393,0.460793,-0.1864788
28.554589748,0.8176615,-0.30937,0.4404606,-0.1958107
28.574443340,0.8279119,-0.3049098,0.419925,-0.2046523
28.594297409,0.837388,-0.3005692,0.3991729,-0.2138416
28.614151001,0.8462085,-0.2960553,0.3783311,-0.2231048
28.634005546,0.8544488,-0.2914272,0.3576165,-0.2317875
28.653859615,0.8619658,-0.2868246,0.3366224,-0.2409558
28.673717022,0.8691624,-0.2817369,0.3158434,-0.2491014
28.693567276,0.8756815,-0.2765645,0.2948702,-0.2576299
28.713421345,0.8818163,-0.2710791,0.2738174,-0.2656459
28.733275413,0.8873947,-0.2653548,0.2525291,-0.2738143
28.753129005,0.892336,-0.2594887,0.2310772,-0.2821931
28.775465012,0.8975614,-0.2522396,0.2070207,-0.2907381
28.795318603,0.9014127,-0.2457162,0.1855774,-0.2987765
28.815172672,0.9047324,-0.2389479,0.1638945,-0.3068047
28.835026741,0.9072782,-0.2320641,0.1419153,-0.3154047
28.854880333,0.9092291,-0.2251113,0.1202369,-0.323725
28.874734402,0.9111922,-0.2178926,0.09907416,-0.3302475
28.894588470,0.9125451,-0.2106293,0.07780084,-0.336855
28.914442062,0.9134924,-0.2029507,0.05637614,-0.3432082
28.934296608,0.9138255,-0.1950517,0.03479571,-0.3497066
28.954150677,0.9134563,-0.1868475,0.01301675,-0.3565724
28.974004269,0.9125321,-0.1783025,-0.008765481,-0.3633789
28.993858337,0.910652,-0.1694081,-0.03073601,-0.3710752
29.013716698,0.908519,-0.1603909,-0.05232776,-0.3778325
29.033565998,0.9058517,-0.1514237,-0.07359303,-0.3843371
29.053420067,0.9025245,-0.1423216,-0.09475649,-0.3909509
29.073274135,0.8989807,-0.1332692,-0.1156528,-0.3966419
29.093127727,0.8947855,-0.1241413,-0.1363501,-0.4024724
29.115463733,0.8900325,-0.1139354,-0.1592724,-0.4075792
29.135317802,0.8853076,-0.1045964,-0.1795765,-0.4119101
29.155171394,0.8798061,-0.09478993,-0.2001366,-0.416568
29.175025463,0.8738261,-0.08468328,-0.2208139,-0.4208629
29.194880009,0.8666753,-0.07388556,-0.2416765,-0.4261867
29.214733600,0.8592417,-0.06300636,-0.262116,-0.430879
29.234587669,0.8510658,-0.05185771,-0.282317,-0.435801
29.254441738,0.8424792,-0.04074297,-0.3022269,-0.44029
29.274295330,0.8334106,-0.0294058,-0.322119,-0.44433
29.294149399,0.8235689,-0.01756127,-0.341836,-0.4485548
29.314002991,0.8135946,-0.005686831,-0.3613511,-0.4517572
29.333857059,0.8029303,0.006494933,-0.3805476,-0.4550516
29.353711128,0.792097,0.01838294,-0.3993451,-0.4575973
29.373564720,0.7806528,0.03071906,-0.418131,-0.4598168
29.393419266,0.7681752,0.04375857,-0.4366801,-0.4625258
29.413273334,0.7556108,0.05663016,-0.4548435,-0.4643173
29.433127403,0.7424425,0.06960031,-0.4725944,-0.4660658
29.455462456,0.7272295,0.08424392,-0.4921327,-0.4674113
29.475317001,0.7131624,0.09747049,-0.509182,-0.4682522
29.495171070,0.6985334,0.110824,-0.5256248,-0.4691646
29.515024662,0.6838141,0.1239136,-0.5418783,-0.4690835
29.534878731,0.6687601,0.1371052,-0.5574729,-0.4688428
29.554732323,0.6532452,0.1505124,-0.5727157,-0.4682321
29.574586391,0.6376792,0.1636412,-0.5874521,-0.4670271
29.594440460,0.6215947,0.1769835,-0.6016541,-0.465765
29.614294052,0.6055839,0.1898057,-0.6156331,-0.4635355
29.634148121,0.5888956,0.2030932,-0.6291171,-0.4612966
29.654002666,0.571914,0.2163003,-0.6422434,-0.4585626
29.673856735,0.5551183,0.2295747,-0.6548823,-0.4548582
29.693710327,0.5375706,0.2431184,-0.6667823,-0.4515974
29.713564396,0.5201161,0.2559961,-0.6781039,-0.4480492
29.733417988,0.5028617,0.2683215,-0.6885923,-0.4445244
29.753272057,0.4859768,0.2803638,-0.6989251,-0.4397202
29.773126125,0.469043,0.2921369,-0.7090186,-0.4342521
29.795461655,0.4504563,0.3036935,-0.7201496,-0.4276348
29.815315723,0.4342346,0.3126504,-0.7304702,-0.4203938
29.835169792,0.4170313,0.3216247,-0.7411847,-0.412208
29.855023384,0.3991239,0.3300047,-0.7524182,-0.4028543
29.874877453,0.3805174,0.3376085,-0.7640741,-0.3924863
29.894731998,0.3606321,0.345123,-0.7760218,-0.3811198
29.914585590,0.3399696,0.3514933,-0.788488,-0.3684936
29.934439659,0.3182111,0.3571374,-0.800892,-0.3555197
29.954293728,0.2958404,0.3614032,-0.8134787,-0.3416813
29.974147320,0.2721938,0.3648338,-0.8261511,-0.3269691
29.994001389,0.2473266,0.3674625,-0.8385659,-0.3118264
30.013855457,0.2214592,0.3679357,-0.8512248,-0.2960125
30.033709049,0.1939176,0.3674429,-0.8635038,-0.2799477
30.053565502,0.164573,0.3652436,-0.8756539,-0.2633832
30.073421001,0.1333925,0.361772,-0.8871717,-0.2467412
30.093271255,0.1004806,0.356833,-0.8979036,-0.2301533
30.113125324,0.06598882,0.3499457,-0.9079162,-0.2133049
30.135461330,0.02501591,0.3409993,-0.9174523,-0.1949419
30.155314922,-0.01317679,0.3304919,-0.9247673,-0.1789817
30.175168991,-0.05302894,0.3189201,-0.9301643,-0.1640116
30.195023060,-0.09440753,0.3060566,-0.9335409,-0.1501515
30.214876652,-0.1370021,0.2919261,-0.9347575,-0.1373526
30.234730720,-0.1804642,0.2773919,-0.9333637,-0.1262783
30.254584789,-0.2244914,0.2615074,-0.9296706,-0.1164366
30.274438381,-0.2685678,0.2453958,-0.9233171,-0.1084682
30.294292927,-0.3124009,0.2288285,-0.9144437,-0.1022913
30.314148903,-0.3558743,0.2120602,-0.9030149,-0.09785514
30.334000587,-0.3987486,0.1957484,-0.888942,-0.09535097
30.353854656,-0.441129,0.1791674,-0.8723606,-0.09443927
30.373708725,-0.4822142,0.1636357,-0.8533838,-0.09516547
30.393562317,-0.5220637,0.1488542,-0.8321216,-0.09743246
30.413416386,-0.5603771,0.1345876,-0.8088359,-0.1013705
30.433269977,-0.597533,0.1216947,-0.7832019,-0.1066173
30.453125000,-0.6332871,0.1085088,-0.7555879,-0.1135246
30.475460052,-0.6717749,0.09378637,-0.7216747,-0.1254422
30.495313644,-0.7037326,0.08186269,-0.6898112,-0.1372849
30.515171528,-0.7336949,0.07201054,-0.6563365,-0.1495198
30.535022259,-0.7616552,0.0633903,-0.6213347,-0.1625852
30.554876327,-0.787509,0.05585638,-0.5848193,-0.1769848
30.574729919,-0.8112544,0.05033469,-0.5467966,-0.1922858
30.594583988,-0.8326917,0.04644469,-0.5076202,-0.2083671
30.614439964,-0.8518591,0.04434453,-0.4671732,-0.2252696
30.634291649,-0.8686327,0.04440949,-0.4256022,-0.2428896
30.654145718,-0.8830737,0.04576562,-0.3830526,-0.2607385
30.674003601,-0.894986,0.04949872,-0.3397756,-0.2788012
30.693853855,-0.9043196,0.05517483,-0.29615,-0.2967903
30.713707924,-0.9112059,0.06279002,-0.2521874,-0.3143091
30.733561993,-0.9154056,0.07277753,-0.2078169,-0.3319274
30.753415585,-0.9171929,0.08445384,-0.1637434,-0.3484829
30.773269653,-0.9161236,0.09834933,-0.1195941,-0.3651985
30.793123722,-0.9124408,0.1141045,-0.07607803,-0.3811453
30.815459251,-0.9052616,0.1341164,-0.02800454,-0.3979416
30.835313320,-0.895345,0.1542866,0.01373202,-0.4135117
30.855167389,-0.8839422,0.1755513,0.05429824,-0.4260365
30.875021934,-0.8693122,0.1993283,0.09367651,-0.4386534
30.894875526,-0.8520157,0.2246999,0.1313485,-0.4505046
30.914729595,-0.832137,0.2517216,0.1667672,-0.4615199
30.934583187,-0.8103659,0.2798889,0.1994111,-0.4709907
30.954437256,-0.787191,0.3090065,0.2296142,-0.4782785
30.974291325,-0.7622986,0.3392472,0.2575407,-0.4838518
30.994144917,-0.7363939,0.3700285,0.2827106,-0.4873453
31.013999462,-0.7098603,0.4008154,0.3054248,-0.48866
31.033853531,-0.6829578,0.4314221,0.325705,-0.4878396
31.053707599,-0.6559881,0.4617567,0.3433923,-0.4849429
31.073561191,-0.6289991,0.4915576,0.3590299,-0.4800589
31.093415260,-0.6020284,0.5208764,0.3727199,-0.4732411
31.113268852,-0.5754473,0.5493732,0.3843609,-0.4646973
31.133122921,-0.549475,0.5768813,0.3940075,-0.4546107
31.155458927,-0.5211226,0.606461,0.4026986,-0.4416986
31.175312519,-0.4967016,0.6316466,0.4086845,-0.4288529
31.195166588,-0.473213,0.6556216,0.4132851,-0.4147925
31.215021133,-0.4500317,0.6788987,0.4166478,-0.3995
31.234875202,-0.4277211,0.7009836,0.4188106,-0.3832778
31.254728794,-0.4065633,0.7217915,0.4199663,-0.366032
31.274582863,-0.3861809,0.7415252,0.4201665,-0.3479832
31.294436455,-0.3666083,0.7601348,0.4195265,-0.3292697
31.314290523,-0.3478471,0.7776806,0.4180588,-0.3099508
31.334144592,-0.3298479,0.7942053,0.4159077,-0.2899769
31.353999138,-0.3125978,0.8096007,0.4133636,-0.2694207
31.373852730,-0.296116,0.8239902,0.4101702,-0.2484824
31.393706798,-0.2803725,0.8373139,0.4066223,-0.2271183
31.413560867,-0.2654144,0.8496394,0.4025735,-0.2055001
31.433414459,-0.2511868,0.8609678,0.3981645,-0.1836638
31.453268528,-0.2375375,0.8713357,0.393492,-0.1616837
31.473122120,-0.2246028,0.8808107,0.3883837,-0.1396846
31.495458126,-0.2108864,0.890322,0.3824498,-0.1149497
31.515312195,-0.1993809,0.897912,0.3767905,-0.09304677
31.535166740,-0.1885038,0.904712,0.370822,-0.07128154
31.555020332,-0.1787548,0.9103608,0.3652865,-0.0498325
31.574874401,-0.1691244,0.9150103,0.3605284,-0.02828143
31.594728470,-0.1597643,0.9191585,0.3552587,-0.006476402
31.614582062,-0.1508617,0.922772,0.3494562,0.01550436
31.634436130,-0.1424995,0.9256907,0.3435874,0.03695589
31.654290676,-0.1348929,0.9277405,0.3382123,0.05780612
31.674145222,-0.1278337,0.9291921,0.3327735,0.07842129
31.693998337,-0.121222,0.9301234,0.3271766,0.09878643
31.713852405,-0.1150769,0.9304957,0.3216662,0.1187161
31.733705997,-0.1093156,0.9302837,0.3164144,0.138318
31.753560066,-0.1037464,0.9295933,0.3111336,0.1578495
31.773414135,-0.09852683,0.9285101,0.3056713,0.1770706
31.793268681,-0.09363153,0.926998,0.3001394,0.1960914
31.813122272,-0.08911101,0.9250862,0.2945357,0.2148281
31.835458279,-0.08434109,0.9224428,0.2881441,0.2357678
31.855312347,-0.08034567,0.9196656,0.2823488,0.2542958
31.875165939,-0.07672519,0.9164803,0.2765118,0.2726644
31.895020008,-0.07343861,0.912928,0.2705024,0.2909041
31.914873600,-0.07052577,0.9089347,0.2647398,0.3088757
31.934727669,-0.0678602,0.9045563,0.259097,0.3266026
31.954582214,-0.06543991,0.8998206,0.2536797,0.3439692
31.974438667,-0.06328678,0.8948364,0.2484568,0.3607762
31.994289875,-0.06125899,0.8896524,0.2436446,0.3768696
32.014143944,-0.0594599,0.8844548,0.2393357,0.3918551
32.033998012,-0.05784631,0.8792681,0.2358178,0.4056588
32.053851604,-0.05629998,0.874228,0.2327915,0.41832
32.073705673,-0.05494918,0.8694089,0.2305541,0.4296292
32.093560219,-0.05352129,0.864664,0.2286081,0.4402927
32.113413811,-0.05208061,0.8601248,0.2267728,0.450194
32.133267879,-0.0506221,0.8558742,0.2255147,0.4590072
32.153121948,-0.04918395,0.8518913,0.2247836,0.4668639
32.175457477,-0.04767942,0.847704,0.2243369,0.4747895
32.195311546,-0.04645102,0.8442594,0.2241338,0.481103
32.215165615,-0.04524606,0.8410664,0.2241209,0.486783
32.235019207,-0.04412891,0.8381854,0.2244358,0.491685
32.254873752,-0.04307566,0.8356451,0.2251512,0.4957584
32.274727821,-0.04193969,0.8334786,0.2262597,0.4989875
32.294581890,-0.04062249,0.8316758,0.22801,0.5013026
32.314435482,-0.03929038,0.8304105,0.2302177,0.502496
32.334289551,-0.03793065,0.8296582,0.2330814,0.5025229
32.354143143,-0.03654129,0.8294486,0.2367384,0.5012608
32.373999119,-0.03513224,0.8297179,0.2408785,0.498938
32.393851757,-0.03364175,0.830388,0.2456461,0.4955903
32.413705826,-0.03219957,0.831483,0.2509411,0.4911776
32.433559418,-0.03092821,0.8329834,0.2566618,0.4857309
32.453413486,-0.02977445,0.8348308,0.2628059,0.4793034
32.473267555,-0.0287748,0.836972,0.2693437,0.4719445
32.493122101,-0.0280359,0.839359,0.276368,0.4636151
32.515457153,-0.02746663,0.8422642,0.28484,0.4531341
32.535311699,-0.02695196,0.8448237,0.293198,0.4429551
32.555165291,-0.02667674,0.847488,0.3019928,0.4318339
32.575019359,-0.02681498,0.8501669,0.31115,0.4198935
32.594873428,-0.02745428,0.8528042,0.320709,0.4071174
32.614727020,-0.02844725,0.8553449,0.3306887,0.3935079
32.634581089,-0.02985988,0.8575777,0.3413845,0.3791479
32.654435635,-0.03169309,0.8596051,0.352285,0.3641393
32.674289703,-0.03397682,0.8612778,0.363623,0.3484998
32.694143295,-0.03682135,0.8624886,0.3755158,0.3322245
32.713997364,-0.0401068,0.8630001,0.3881855,0.3155344
32.733850956,-0.0440859,0.8631573,0.4006107,0.2985875
32.753705501,-0.04849327,0.8624309,0.4138735,0.2814206
32.773559570,-0.05340112,0.8609815,0.4273871,0.2642479
32.793413639,-0.05885161,0.8586721,0.4412955,0.2471929
32.813267231,-0.06465562,0.8558356,0.4548079,0.2305268
32.833121300,-0.07120708,0.8529801,0.4671586,0.2138808
32.855457306,-0.07921772,0.8482788,0.482319,0.1953037
32.875310898,-0.08678927,0.8438344,0.4949207,0.1791429
32.895164967,-0.0949483,0.8389671,0.5070627,0.1631995
32.915019512,-0.103689,0.8329472,0.5199596,0.1473669
32.934873581,-0.1131101,0.8264902,0.5323726,0.1316325
32.954727173,-0.1229556,0.8190938,0.5450347,0.1163264
32.974581242,-0.1331737,0.811263,0.5571911,0.1014038
32.994434834,-0.1438528,0.8031268,0.5686628,0.08685683
33.014289379,-0.1550472,0.7938325,0.5806188,0.07279871
33.034143448,-0.1667937,0.784345,0.5917143,0.05903087
33.053997516,-0.1787564,0.7741364,0.6027163,0.04603843
33.073851108,-0.190911,0.7637623,0.6129526,0.03371748
33.093705177,-0.2032563,0.7532555,0.6224439,0.02200659
33.113559246,-0.2158396,0.7422373,0.6316692,0.01089873
33.133413791,-0.2286765,0.7312476,0.640009,0.0002260836
33.153267383,-0.2417429,0.7197795,0.6480814,-0.009799775
33.173121452,-0.2548311,0.7081081,0.6556683,-0.01925678
33.195457458,-0.2697439,0.6949443,0.6633725,-0.02924409
33.215311050,-0.2831959,0.6826827,0.6700443,-0.03758584
33.235165119,-0.2966261,0.6706233,0.6758977,-0.0454663
33.255018711,-0.3102197,0.6580331,0.6816176,-0.05273658
33.274873257,-0.323667,0.6455272,0.6867554,-0.0594056
33.294727325,-0.3371071,0.6330253,0.6913561,-0.06551532
33.314581394,-0.3504319,0.6203533,0.6956636,-0.07098564
33.334434986,-0.3637787,0.6079197,0.6992332,-0.07615288
33.354289055,-0.376931,0.5954282,0.7025031,-0.08065598
33.374143600,-0.3897662,0.583319,0.7051715,-0.08474725
33.393997669,-0.4023928,0.5714349,0.7073554,-0.08841991
33.413851261,-0.4149708,0.5595161,0.7092146,-0.09156059
33.433705330,-0.4275155,0.5474797,0.7107949,-0.09431135
33.453558922,-0.4397287,0.5356022,0.7121041,-0.0964581
33.473412990,-0.4515217,0.5242977,0.7128816,-0.09832443
33.493267536,-0.4630217,0.5133598,0.7132397,-0.09994701
33.513121605,-0.4746438,0.5022877,0.7133036,-0.1012225
33.535457134,-0.4875243,0.4902729,0.7128013,-0.1024432
33.555311203,-0.4988956,0.4794191,0.7122145,-0.1031444
33.575165272,-0.5102462,0.4687697,0.7111925,-0.1036181
33.595018864,-0.5216048,0.4580984,0.7098904,-0.1037192
33.614875317,-0.5328445,0.4474945,0.7083252,-0.103578
33.634727478,-0.5439765,0.4371771,0.7063397,-0.1033332
33.654581070,-0.5550231,0.4268612,0.7041428,-0.1027117
33.674435139,-0.5659322,0.4166948,0.7016647,-0.1018856
33.694289207,-0.5766607,0.4066254,0.6989982,-0.1007345
33.714142799,-0.587225,0.3967213,0.6960865,-0.09934985
33.733997345,-0.5974532,0.3873397,0.6928642,-0.09790078
33.753851414,-0.6074781,0.3780333,0.6895152,-0.09621698
33.773705482,-0.6172673,0.3689483,0.6859976,-0.09430494
33.793559074,-0.6267205,0.3601285,0.6823916,-0.09218699
33.813413143,-0.6358759,0.3516354,0.678641,-0.08993634
33.833267689,-0.6447796,0.343654,0.6746022,-0.08775449
33.853121281,-0.653505,0.3356595,0.6705307,-0.08532459
33.875461578,-0.6630337,0.3272114,0.6656739,-0.08261339
33.895311356,-0.6712895,0.3199101,0.6612426,-0.08008619
33.915164947,-0.6794627,0.3127304,0.65663,-0.07742662
33.935019016,-0.6875869,0.3055008,0.6518871,-0.07459554
33.954873562,-0.6956102,0.2983321,0.6470231,-0.07150736
33.974727631,-0.7035024,0.2912485,0.6420419,-0.06832734
33.994581223,-0.7112186,0.2843088,0.6369816,-0.06495173
34.014435291,-0.7187768,0.2772949,0.6319271,-0.06134513
34.034289360,-0.7261202,0.2704155,0.6268472,-0.05757796
34.054143905,-0.7332968,0.2636671,0.6216977,-0.05362068
34.073997497,-0.7401324,0.257151,0.616641,-0.04958778
34.093851566,-0.7466657,0.2508656,0.6116515,-0.04546611
34.113705158,-0.7528082,0.2449145,0.6068017,-0.04142727
34.133559227,-0.758548,0.2394032,0.6020886,-0.03752357
34.153413772,-0.7638935,0.2343047,0.597546,-0.0336826
34.173267841,-0.7688568,0.229308,0.5933078,-0.02984264
34.193121433,-0.7735038,0.2245938,0.5892348,-0.02606698
34.215457439,-0.7782151,0.2197964,0.5849904,-0.02201618
34.235311508,-0.7820286,0.2158168,0.5814954,-0.01857595
34.255165100,-0.7856708,0.2122102,0.5780011,-0.01518442
34.275019646,-0.7891086,0.2088211,0.5746192,-0.01189727
34.294873714,-0.7924051,0.2054863,0.5713354,-0.008547219
34.314727783,-0.7954642,0.2021509,0.5683075,-0.005097861
34.334581375,-0.798205,0.1989093,0.5656224,-0.001646875
34.354435444,-0.8003512,0.1960225,0.5635942,0.001592697
34.374289989,-0.8019725,0.1934016,0.5621768,0.004578963
34.394143581,-0.8034771,0.1909952,0.5608177,0.007523458
34.413997650,-0.8046964,0.1885496,0.5598463,0.01061009
34.433851719,-0.8054056,0.1861827,0.5595512,0.0137102
34.453705311,-0.8055958,0.1841207,0.5598808,0.01662223
34.473559856,-0.805337,0.1823471,0.5607488,0.01924802
34.493413925,-0.8046247,0.1806508,0.5622211,0.02189541
34.513267994,-0.8034488,0.1783595,0.5645009,0.02498474
34.533121586,-0.8016198,0.1765372,0.5675533,0.02740896
34.555457592,-0.7990245,0.1752555,0.5714989,0.02936302
34.575311184,-0.7969749,0.1742017,0.5745811,0.03112798
34.595165729,-0.794818,0.1732679,0.577749,0.03280737
34.615019798,-0.7924344,0.172309,0.5811871,0.0347362
34.634873867,-0.789658,0.1715034,0.585072,0.03667813
34.654727459,-0.7864764,0.170802,0.5894245,0.03857478
34.674581528,-0.7827424,0.170053,0.594463,0.04046598
34.694436073,-0.7785673,0.169315,0.6000032,0.0422988
34.714290142,-0.7738004,0.1684857,0.6062253,0.04431652
34.734143734,-0.7684311,0.1675607,0.6131108,0.04647576
34.753997803,-0.7623169,0.166698,0.6207625,0.04864395
34.773852348,-0.755541,0.1657784,0.6290584,0.05087777
34.793705940,-0.7481632,0.1650396,0.637827,0.05308588
34.813560009,-0.7401417,0.1643182,0.64711,0.05537244
34.833414078,-0.7314151,0.1634487,0.6569707,0.05773782
34.853268623,-0.721868,0.1624254,0.6674769,0.06022335
34.873122215,-0.7116397,0.1613065,0.6783979,0.0628745
34.895458221,-0.6991609,0.1601984,0.6912256,0.06591873
34.915316105,-0.6868146,0.1588381,0.7035217,0.06885475
34.935165882,-0.6733916,0.1577974,0.7163264,0.07174741
34.955019951,-0.6588221,0.156946,0.7296462,0.07460244
34.974874020,-0.6431414,0.1559553,0.7434145,0.07752177
34.994728565,-0.6264154,0.1550398,0.7574347,0.08053888
35.014582157,-0.608622,0.1542402,0.7716209,0.08377416
35.034436226,-0.5895848,0.1538987,0.7859935,0.08687329
35.054289818,-0.5703874,0.1502645,0.8002696,0.09096769
35.074144363,-0.5488508,0.1465973,0.8153458,0.0954513
35.093998432,-0.5250562,0.1433771,0.8308651,0.1002479
35.113852501,-0.4992912,0.1403858,0.8465334,0.1049237
35.133706093,-0.4716506,0.1367671,0.8622484,0.1095248
35.153560638,-0.4422857,0.1331482,0.8776627,0.1139773
35.173414707,-0.4111765,0.1300524,0.8925503,0.1183294
35.193268776,-0.3794933,0.1288567,0.9061208,0.1222847
35.213122368,-0.3471856,0.1260841,0.9187429,0.1269019
35.235458374,-0.3098913,0.1229008,0.9317304,0.1317905
35.255312443,-0.2756539,0.1197338,0.942217,0.136138
35.275166988,-0.2397375,0.1161835,0.9517957,0.1404985
35.295020580,-0.2031674,0.1148265,0.9597961,0.1447647
35.314874649,-0.1664868,0.1101202,0.966699,0.1492527
35.334728241,-0.1300615,0.1064064,0.9720165,0.1535359
35.354582310,-0.09329237,0.1010007,0.9761487,0.1576594
35.374436855,-0.05611393,0.09652925,0.9787965,0.1616118
35.394290924,-0.01881165,0.09356137,0.9798756,0.1654202
35.414144516,0.01902791,0.0877872,0.9798099,0.1689125
35.433998585,0.05686012,0.08371121,0.9780679,0.1725398
35.453853130,0.09488311,0.07812043,0.9750342,0.1755859
